,musical_title,rate,review_title,review_text,review_date
0,드림,5,재밌어요.,눈이 훤해지는 극. 재밌게 봤습니다!,2023.05.08
1,드림,5,재미있었어요,잘 봤습니다,2023.05.08
2,드림,5,재미있었어요,잘봤습니다,2023.05.08
3,드림,5,재미있었어요,잘봤습니다,2023.05.08
4,드림,4,잘봣대요.,자극적이고 핫했다고 합니다.,2023.05.06
5,드림,5,눈 감았다 뜨니 끝난 공연 끝나지마아~,관객들이 더 웃겼어요 방청객들마냥 환호성에ㅋㅋㅋㅋ어떤분은 n차 관람으로 인해 내용을 다 외우셔서 난타 장면에서 난타까지 같이 치시더라구요ㅋㅋㅋㅋㅋㅋㅋㅋ진짜 그거 보고 너무 웃겼고 어디서 이런 공연을 볼수있을까요 시간이 너무 빨리가서 공연이 너무 짧게 느껴졌어요 눈호강 제대로 했네요~,2023.05.06
6,드림,5,새로운 삶으로 다시 태어나는 듯한 공연,"공연을 보기 전 삶과 공연을 본 후의 삶이 딱 구분되어질 정도로 너무나도 파격적이고 새로운(?) 공연 입니다!!!!진짜 한 번도 안본 사람은 있어도 한 번만 보는 사람을 없을 정도…배우님들의 쇼맨십도, 연기도, 관객 서비스도 너무 좋는 공연 ㅠㅠ배우님들의 노력과 열정이 고스란히 느껴지는 공연이라 더욱 에너지를 받고 갑니다!!",2023.05.04
7,드림,4,잼나요~!!,공연이 짧아서 아쉬워요~,2023.05.04
8,드림,5,와,너무 섹시해,2023.05.03
9,드림,5,와,너무 섹시해,2023.05.03
10,드림,5,우와… ,너무 섹시해,2023.05.03
11,드림,4,그냥너무멋있었다눈호강,요즘스트레스받아서 예민했는데이날만큼은눈이즐겁고 눈호강멋진배우님들 장수해주세요..♡멋진공연보여주셔서 감사합니다,2023.05.03
12,드림,5,행복,강추강추~스트레스를 풀리고 행복한 시간을 보냈어요.  배우들이 친절하시고 춤도 잘 췄어요. 예술이당~,2023.05.01
13,드림,5,다시 보러 갈께요!,관계자분들 너무 다 친절 하시고 공연 너무 멋있었어요! 꼭 다시 갈께요!,2023.05.01
14,드림,5,와일드,재밌어요,2023.05.01
15,드림,5,와일드 와일드,재밌어요,2023.05.01
16,드림,5,친절한 관계자분들 ㅎㅎ,진행하시는 관계자분들 친절하시고 공연하시는 배우님들 노력이 많이 보였답니다.외국인 분들이 오셔서 관람하셔서 깜놀! ㅎㅎ고생하셨어요!!,2023.04.30
17,드림,5,두번째 관람,이 좋은 공연을 왜 이제서야 알게됬는지ㅠㅠ 직장 스트레스 5분만에 풀렸어요 최소 분기 한번 꼭 갈거에요??????,2023.04.30
18,드림,5,엄마한테서 미소를 봤어요,"동생하고 엄마 보라고 예매했었는데저희 엄마, 젊은 사람들만 있다고 계속 민망해하시면서도박수 치고 같이 공연 즐기는 모습이 아주 즐거웠다고 합니다.할머니 모시느라 스트레스 많이 쌓였을 엄마께 좋은 선물이 된 것 같아요♡",2023.04.28
19,드림,5,추천추천,너무 즐거운 공연이였고 힐링잘받고 왔어요^^ 또보고 싶은공연이네요,2023.04.24
20,드림,5,와일드와일드,재밌어요,2023.04.24
21,드림,5,행복한시간,강천일배우님 너무 멋져요^^^^,2023.04.24
22,드림,5,추천공연~!,많이들 이런 공연 보러 오시길~!,2023.04.24
23,드림,5,자주오고싶어요,스트레스가 풀리네요^^~,2023.04.24
24,드림,5,좋은공연,너무 즐거웠습니다,2023.04.24
25,드림,5,와일두와일두(臥益逗臥益逗),우리오파(于里烏播) 개귀여어(凱歸?魚)하고풍거(河鼓風去) 삭다해라(削多海蘿)매일이론(每日理論) 덕후마음(德厚馬音)주접이라(主?伊?) 할지라도(轄地羅道)좌로인정(左虜人正) 우로인정(右虜人正)압구루기(狎鷗漏器) 대굴대굴(大窟大窟),2023.04.23
26,드림,5,육아중인 친구의 스트레스 해소용 공연으로 완벽!!,"제일 친한친구인데 타지에 사는 육아중인 워킹맘이라 자주 만나지 못하는데 이번에 친구 생일을 맞아 기억에 남는 선물을 해주고 싶어서 와일드 와일드 공연 예매해서 왔습니다. 친구가 정말 즐거운 시간이었다고, 목이 쉬게 함성 지르고 박수치느라 시간 가는줄 몰랐다고 좋아하니 뿌듯합니다. 좋은공연 오래오래 해주세요 ^^*~",2023.04.23
27,드림,5,와일드와일드드림,친구들과 함께 관람했는데 좋았구. 같이 관람한 친구들도 만족하더라구요~~벌써 영업만 5명째인데??더 많이 영업해야겠어요ㅋㅋㅋㅋ,2023.04.23
28,드림,5,와와 리뉴얼 공연!,고등학교 동창들 데리고 갔는데 둘다 처음에는 어색해하더니 중반부터 즐기더라구요~~친구들과 관람하기 좋았어요!,2023.04.23
29,드림,4,와~~!와~~~와 ^*^ 와일드 와일드,75분의 시간동안 쉼없이 감탄의 연속으로 눈과 귀와 손과 발이 즐거웠네요. 춤과 연기 그리고 다양한 퍼포먼스 ^*^ 배우님들 한분한분 얼마나 많은 노력으로 이 공연을 만들고 관객들에게 즐거움과 감동을 주기 위해 노력하시는지 느낄수 있었던 멋진 공연이었네요,2023.04.22
30,드림,5,또 봐도 즐거웠어요!!,지난 관극 후 스트레스도 완전 풀리고 재밌어서 또 봤어요!!진짜 공연 내내 박수치느라 손이 아플지경인데 건강해지고있다 하면서 열심히 즐겼습니다ㅋㅋㅋ현생에 지칠 때 행복 충전하러 가기 좋은 극입니다!,2023.04.22
31,드림,5,첨에는 어뭣,이러면서 보는데  좀 지나면 즐기면서 보는나를 발견ㅋㅋㅋ 이번엔 내가 다른친구 델꼬갈꺼임,2023.04.22
32,드림,5,또 다른 생일..,가장 행복한 날이 매번 갱신되고그 날마다 생일처럼 느껴지게 해주는 공연입니다후회없는 선택 ☆,2023.04.22
33,드림,5,볼 때마다 새로워요,늘 새로움 늘 짜릿함,2023.04.22
34,드림,5,한번도 안 본 사람은 있어도 한번만 본 사람은 없음,한번만으로는 만족할 수 없음,2023.04.22
35,드림,5,22년 한해 쓴 돈 중 가장 값진 10만원,1년의 마지막 날 첫공을 봤습니다.한 해를 통틀어 가장 값지고 의미있는 지불이었습니다...인생은 와와를 보기 전과 후로 나뉘게 되었어요.....,2023.04.22
36,드림,5,와일드와일드 보고 나의 성공시대 시작됐다.,생일선물로 친구가 보여줘서 성공한 인생으로 재탄생 보여준 친구에게 찬사를 보냅니다.  내 삶의 낙 도파민 뿜뿜 그 자체  아는 맛이 무섭다.,2023.04.21
37,드림,5,직장인 스트레스해소에 최고,요즘 직장에 이런저런일이 많아 울적하고 슬프던 와중에 지인추천으로 와일드 와일드 드림을 보게 됐습니다.사실 혼자가기 쫌 뻘쭘했는데 왜 고민했나 싶을정도 너무 신나고 재밌게 놀다왔습니다. 오늘 재충전해서 내일 출근할 힘을 얻었네요^^,2023.04.21
38,드림,5,강력추천,시간가는 줄 모르고 봤어요,2023.04.20
39,드림,5,재밌어용,너무너무 재밌습니다,2023.04.20
40,드림,5,즐거웠습니다,친구생일에 즐거운관람이었습니다:-),2023.04.18
41,드림,3,외국인관객분들아~~,바뀌고 첫 관람~~평일이지만 생각보다 관객이 많아서 좋았는데웬일인지 반 이상이 외국인들? 누구나 많이 보면 좋지만 이런 공연 시작 후 자질구레한 눈찌푸림이 생겼다....기본 매너는 어디로 간건지?개인적인 감탄사 연발이나... 자주 보이는 핸드폰 불빛으로 주변 스텝들이 분주했고 그래서 공연 집중에 조금 불편했다....아아아....여태 본 공연 중 좀 그랬다...,2023.04.16
42,드림,5,와일드 하네요~,즐거운 시간이었어요~~,2023.04.15
43,드림,5,다 좋은데요... 그건 저번까지였나봐오!!!,외국인들 공연 내내 발로 차고 뒷자린데 제 자리에 얼굴내밀고 의자에 얼굴 대고있고^^어차피 뭐라해도 못알아 들을거 아니까 가만 있을 수 밖에 없었어요.관람 매너좀 다국언어로 안내 방송 좀 해주시면 좋겠어요.,2023.04.14
44,드림,5,후회 말고 가십시다.,안본 사람은 있어도 1번 본 사람은 없다는 공연 ^^ 덕분에 즐겁고 활기찬 인생이 되었어요.   내 인생 이 공연 보기 전과 후로 나뉜다.,2023.04.14
45,드림,5,너무너무x10000 좋아요,"1월에 처음 와일드와일드를 봤는데 너무 재미있어서 이번에 친구까지 데리고 다시 보고왔어요. 친구가 보기전에는 그냥 몸 좋은 배우들이 몸 자랑하는 건줄 알았는데 보고 나오니까 너무 멋있고 그 장면들을 만들기 위해서 배우들이 얼마나 노력했을지 생각하니 다시 보인다고 하더군요.  모든 장면들이 다 멋있지만 특히 플라잉요가 하는 장면은 잊혀지지가 않아요.  배우분들의 노력으로 만든 퀄리티 높은 무대와 조명, 어울리는 음악에 섬세하게 깔린 향기까지.. 꼭 다시 보고 싶은 공연이예요.",2023.04.10
46,드림,3,재미잇엇어요,눈 호강 좋네요 ~~,2023.04.09
47,드림,5,"3번 봤고 4번,5번..더 볼듯..",친구 따라 갔다가 달에 한번씩은 가게되네요..,2023.04.08
48,드림,5,왜 고민해요 ...?,인생이 윤택해진답니다.. 밝고 좋은 인생을 살게 되었어요   일단 츄라이츄라이 한번 꼭 봐보세요..,2023.04.07
49,드림,5,3번째..,더 가고싶어졌다…,2023.04.07
50,드림,5,2번째,역시나.. 황홀했다..,2023.04.07
51,드림,5,몇번을 봐도 재미있는 공연,솔직히 이젠 동선 춤 다 알지만 재미있어서 예매를 멈출수가 없어요...,2023.04.07
52,드림,5,��õ,��վ�� ��ġ�� �ܱ� �������� ���� ���� ������ ���ھ��,2023.04.06
53,드림,5,�ְ�,��վ��,2023.04.06
54,드림,5,��վ��,���Ե��� ������ �ڼ��� �����帳�ϴ�,2023.04.06
55,드림,5,최고의 공연,클럽 왜 감난 여기로 간다…,2023.04.06
56,드림,5,주말이 기다려져요,평일에는 일을해서 주말밖에 가지못하는데 공연 예약하면 일주일이 금방가는 느낌ㅠ 주말에 공연보면 스트레스 싹 풀리고 개쓰레기요일을 버틸 수가 있어요!!!!!!!  정말 한 줄기 빛 같은 공연... 눈의 피로와 몸의 피로가 싹 날아가는 공연입니다 최고!!   무조건 보러가야합니다^^,2023.04.05
57,드림,5,기차표 시간까지 바꾸게 만든 너!!! ''와일드와일드 <드림>'',공연을 토요일부터 연달아 세번을 보고 ㅋㅋㅋ 서울역에서 기차시간까지 기다리고 있는데...  갑자기 일요일 공연 6시꺼 볼수있겠는데?? 보고싶은데?? 하며 저도모르게 수수료까지내며ㅠㅠㅋㅋㅋㅋㅋ  기차시간바꾸고 5시30분에 서울역에서 명보아트홀로 뛰쳐갔습니다 ㅋㅋㅋㅋㅋ  현장예매하고해서 아슬아슬했지만... 그만큼 행복했던 ㅋㅋㅋㅋㅋㅋㅋ  탁월했던 나의 선택에 만족하며 다음공연을 또 예매한답니다^^ 모두 와와로 오세요 ㅋㅋㅋㅋㅋㅋ  후회안해욤!!!,2023.04.04
58,드림,5,후기쓰는 지금도 가고픈 와일드와일드 드림!!!!,후기적는시간도 아까워요 ㅋㅋㅋㅋ 그냥 아묻따 와와 보러 가세요 ㅋㅋㅋㅋ  돈이 아깝지않은 그 공연!! 하루하루 살아갈 목적(?)까지 생기는 그 공연!!!  바로 이거라지요 ㅋㅋㅋㅋㅋ 나만보고싶지만 그래도 이좋은거는 다 같이 봐야쥬 ㅋㅋㅋㅋㅋㅋ,2023.04.04
59,드림,5,서울가는 단하나의 목적!! 바로 와와 ㅋㅋㅋ,금욜저녁공연부터 스타트 하고팠으나... 회사마치고 서울로 날아가면 저녁공연을 못보더라구요 ㅠㅠ  그래도 토요일 5시공연부터 일요일 6시공연까지 4번 달려달려!!!했더니 금욜저녁공연까지 달려달려!!  하고플정도네요 ㅋㅋㅋㅋㅋㅋㅋ 왜 질리지 않죠??? 왜 더 보고싶죠???ㅋㅋㅋㅋㅋㅋㅋㅋㅋㅋㅋ,2023.04.04
60,드림,5,꿈만 같은 공연이나 또가서 절대로 그 꿈에서 나오고싶지 않은 꿈같은 공연!!!,19금이지만 퀄리티 높은 19금 공연이죠.. 지방러만 아니면 진짜 배우님들 쉬시는 월욜빼고 매일 출석했을거에요 ㅠㅠ 여러번 보아도 절대로 질리지가 않아요 ㅋㅋㅋ 공연보고 오면 목소리는 쉬지만...ㅋㅋㅋㅋㅋ 다들 제 표정이 밝아졌다네요??ㅋㅋㅋㅋㅋㅋㅋ 이게 바로 와와의 매직아닐까요^^ 지금 지인분들 한분한분 모시고 다니고 있습니당 ㅋㅋㅋ 이번에는 혼자 배우님들 보러 갈거에용 ㅋㅋㅋ 혼밥안하는 저를 바꾼 와와... 말이야 막걸리야 ㅋㅋㅋㅋㅋ 그냥 보세요 ㅋㅋㅋㅋㅋ 절대 후회안합니다 ㅋㅋㅋㅋ 다들 빠져봅시다!! 와와의 매력에~^^,2023.04.04
61,드림,5,도대체 왜 안보시는거죠?,여성들의 삶은 와일드와일드를 보기 전과 보기 후로 나뉩니다.  이 공연이 얼마나 좋은지 설명할 방법이 없네......  일단 한 번 예매하고 보세요!!! 후회 없을겁니다!,2023.04.03
62,드림,5,강추,"강력추천 ★★★★★ 어떤 공연을 보더라도 재탕은 안 하는 사람인데 한 번 경험하고 그 경험을 곱씹는편이라 아 공연 좋았다 하고 말지.. 두 번 세 번 본 손에 꼽을정도로 경험이 없어요 아무리 여운이 강하고 좋은 공연이라 할지라도요 근데 와일드 와일드는 정말 공연 보고 나오면서도  아 또 공연관람 하고싶다..! 속으로 생각 했어요  근데 갑자기 같이 간 일행이 "" 한 번은 좀 아쉽지 않을까"" 해서 서로 웃었는데 배우님들 무대매너 너무좋으시고 관객분들도 매너가 좋아서 같이 웃고 즐길 수 있었어요  여심자극 최고..전 공연 또 보러 갈거에요",2023.04.03
63,드림,5,추천합니다.,좋은 공연 감사합니다.,2023.04.03
64,드림,5,.,다시 돌아와서 좋아요,2023.04.03
65,드림,5,엄마의 스트레스 팍팍><,엄마가 할머니 모시느라 한동안 고생이 많으셨어요.하루 시간을 내었는데 어떻게 스트레스를 풀어드려야 하나 고민이 많았던 차에 와일드와일드를 예매하게 됐죠♡그전에도 종종 엄마께 다양한 장르의 공연을 보여드렸는데와일드와일드 보시고는 최고라며 연신 엄지를 ㅎㅎㅎㅎㅎㅎㅎㅎㅎ젊은 친구들만 있다며 민망해하시다가도 다같이 호응할 때 박수도 치시고 ㅎㅎ 제대로 스트레스 푼 것 같아요!,2023.04.02
66,드림,5,너무 좋았어요,공연 내내 입 벌리면서 행복하게 봄,2023.03.31
67,드림,5,새로웠던 공연,너무나도 충격적이고 신선했던?공연!!!여성만 출입이 된다는 문구그리고 너무나도 매력적이였던 배우님들지금 까지 수 많은 공연을 많이 봤는데와일드와일드 만큼 다른분들 눈치 안보고 즐길수 잇던  공연은 없는거 같다!!!새로운 스토리그리고 새로운공연무엇보다 진짜 눈치 안보고 즐기는게너무나도 좋았던 공연!공연이 끝났다는 말을 듣고 너무 슬펐는데새로운 맴버 투입에 돌아온다는 와일드와일드너무나도 궁금하고 다시 즐기고 싶네요!!!우연한 기회에 보게 된 와일드와일드 또 가서 즐기고 다른사람 눈치 안보고 즐기고 싶네요,2023.03.31
68,드림,5,와우,감탄만 나오는 공연이였어요,2023.03.29
69,드림,5,75분간의 달콤한 꿈,공연 주제처럼 75분간의 깨지않고 싶은 달콤한 꿈같은 시간이었습니다.  완벽한 비주얼의 배우님들과 기승전결 완벽한 무대 구성까지!  여성들이라면 누구든 한 번은 봐야할 공연입니다!!! 강력추천!!!!!!,2023.03.28
70,드림,5,재미있었어요,재미있었어요,2023.03.27
71,드림,5,재미있었어요,재미있었어요,2023.03.27
72,드림,5,재미있었어요,재미있어요,2023.03.27
73,드림,5,스트레스 완전 풀고 왔어요!,처음 공연을 지난 막공으로 가서 아쉬움이 컸는데 또 다시 돌아와 주셔서 좋았어요! 짧은 휴식기간이었던 것 같은데 새로운 구성까지 있어 더 좋았습니다~ 전체적으로 무대 보고 싶어서 10열에 앉았었는데 배우님들 자주 객석 왔다갔다 해주시고 또 이 날 관객이 많아서 더 즐거웠습니다. 소리도 많이 지르고 놀다보니까 스트레스가 확 풀렸어요!!! 같이 간 친구랑 이거는 주기적으로 와야된다며 다음달 공연도 예매했습니다ㅋㅋㅋ 정말 즐거웠어요 :),2023.03.27
74,드림,2,솔직하게 말해서 재미가 없어요,솔직히 말해서 재미없고 실망했습니다. 공연 다시 재개한다고 해서 기대를 안고 보러갔는데 새롭게 추가된 멜빵입고 나오는 장면 말고는 흥미가 안 생겼어요. 멜빵 장면도 처음 보는거라 흥미가 있는거지 딱히 메리트는 없어 보입니다. 다만 신선하긴 했어요. 착장도 좋았구요. 이거는 계속 봐야 알거 같아요~  정말로 아쉬운 건 전에 시즌도 보면서 이렇게까지 재미없다고 느낀 적은 없었는데 이번에 돌아온 공연은 정말이지 너무 재미가 떨어졌습니다..  노래도 바꾸고 시도는 좋았으나 순서가 너무 아쉬워요. 이미 익숙해져있는 순서를 바꿔서 그런걸까요? 청바지입고 추는 씬을 뒤로 밀면서 중구난방처럼 되었다고 느꼈어요. 앵콜때 배우님들도 뒤의 객석으로 빠지면서 구성도 그렇고 정신없는 느낌이어서 점점 텐션이 떨어진 느낌이에요. 배우님들 한명씩 개인적으로 나와서 추는 노래도 신나지가 않아서 아쉬워요.  원래 점점 신나는게 고조되면서 마지막까지 너무 재밌었다 라는 느낌을 많이 안고 나왔었는데 지금은 다음 회차를 예매하고 싶지가 않는 생각이 들 만큼 기대가 안 돼요.  전체적으로 많이 아쉽고 재미가 떨어져서 전에 재밌게 봤던 관객으로서 너무 아쉽다는 생각을 떨칠 수가 없네요.,2023.03.27
75,드림,5,와,행복한시간 만들어주셔서 감사합니다!!!,2023.03.27
76,드림,5,시즌2리뉴얼 역시 보길 잘했어요!,기존에 좋았던 청바지씬은 앵콜무대에 넣고 뉴씬 멜빵씬은 정말 기대이상으로 만족합니다.의상도 좋고 객석 곳곳을 돌아주시더라구요.새로 투입한 곡들이 아직 귀에 익지 않아 다소 산만하게 느껴지는건 저 개인적인 느낌이나 회전하다보면 익숙해지겠지요.시즌2전반전 끝내시고 이렇게 멋진 공연을 바로 보여주신 배우분들 감사합니다.배우분들의 노력이 느껴집니다.끝까지 멋진 공연보여주시고 건강하시길바랍니다!,2023.03.26
77,드림,5,스트레스가 다 풀려요 목 쉬었어요,윤제배우님 완전 제 이상형♥ 늘 건강하세요!!,2023.03.25
78,드림,5,와일드 와일드 〈드림〉,와일드 와일드 〈드림〉 강력 추천 합니다.,2023.03.24
79,드림,5,^^,재미있어요,2023.03.24
80,드림,5,행복한 시간이었습니다.,극 이름처럼.. 정말 꿈같은 시간이었습니다~~,2023.03.20
81,드림,5,너무 즐거웠습니다.,행복한 시간이었네요 ㅎㅎㅎㅎ,2023.03.20
82,드림,3,와일드,좋아요,2023.03.20
83,드림,5,연기가 인상적이었어요,다 만족스러웠지만 배우분들 연기가 특히 인상적이었습니다. 재미있게 보고 왔어요!,2023.03.20
84,드림,5,좋아요,좋아요,2023.03.20
85,드림,5,재밌어요,재밌게 보고 왔습니다.,2023.03.20
86,드림,5,재밌었어요,좋아요,2023.03.20
87,드림,5,와일드 와일드 〈드림〉,와일드 와일드 〈드림〉,2023.03.20
88,드림,5,재밌어요,재밌어요,2023.03.20
89,드림,5,너무 재밌어요 ,재밌넝6,2023.03.19
90,드림,4,일상 삶 속에서의 일탈을 꿈꾸며~,여자들만을 위한 여자 어른들만을 위한 뮤지컬~  와일드 와일드~~   잘 생기고 예술 같은 몸매를 가진 연기자들의 놀라운 춤 실력과 공중 곡예에 눈을 한시도 뗼 수 없었습니다.  신나는 음악에 춤추고 박수 치고 소리 질러서 스트레스가 다 풀리는 느낌을 받았습니다.  여자 친구들과 진짜 오랜만에 신나는 시간을 가졌습니다.  공연 입장 전에 꾸며든 예쁜 장소들에서 사진들도 많이 찍을 수 있어서 좋았습니다~  기분 좋은 함성을 너무 질러서 다음 날 목소리가 안 나올 수 있다는 게 단점일뿐  대체적으로 만족한 공연이였습니다.,2023.03.16
91,드림,5,최고,최고!!!,2023.03.16
92,드림,5,전 여기서 극락을 맛봤읍니다,또 티켓 오픈할 때 딱 대십시오.,2023.03.15
93,드림,4,쵝오,전 왜 이 공연은 이제야 알았을까요조금 더 빨리 알았더라면 저는 더 많은 경험을 하고 더 많은 것을 느끼고 더 많은 기회를 잡을 수 있었을텐데 말이죠보세요 꼭 보세요제발 한 번만 봐주세요 말로 설명 안됩니다보셔야 합니다,2023.03.14
94,드림,5,도파민폭발,친구가 관람했는데 너무즐겁게 관람했다고합니다  도파민 폭발,2023.03.14
95,드림,5,재밌었어요!!,생각했던 것 보다 더 재밌고 배우님들 다 멋졌어요. 같이 관극한 분들 다 신나게 환호하고 적극적으로 즐겨서 더더더 즐거웠습니다! 또 보러 가려고욤 헤헷??,2023.03.13
96,드림,5,즐거웠어요^^,재미있어요 다시 가고 싶어요,2023.03.13
97,드림,5,친구랑 좋은추억만들었어요,친구생일이라 선물해준공연 아무것도 모르고 왔다 입이 찢어져라 웃고 손바닥에 열나게 박수치고 몇년치 엔돌핀 받아가요,2023.03.10
98,드림,5,몇년동안 눈여겨보다가 예약실패에 슬퍼했는데,드디어 내가 첨으로 예약성공해서 봤어요..눈물겨웠어요예전부터  sns에서 짤 다니는거  봤는데 볼 기회가 없었어서 언젠가는 꼭 가겠다 맘먹구 있었는데 드디어 버킷리스트중 하나 깻어요^^역시 기대 이상이엿어요앞에 나가고싶었으나 뽑히지못해ㅜㅜ슬펐네요사진두 찍구 굿즈도 사고 좋았어요더보러갈거에요,2023.03.09
99,드림,5,너무 좋은 공연인데 아쉬운점도 있었어요,퍼포먼스가 예술적이구 멋지게 잘보았구공연 중간중간 객석에 자주 왔다갔다해주고스킨쉽도 가능한 퍼포먼스도 좋았어요^^다만  무대에 나가는 여성분들이 제가 갈때마다거의 외국인분들 우선순이여서ㅜㅜ 아쉬웠어요저도 그러고 나가고싶은 분들도 여럿 있을텐데좀 더 다양한 방법과 공평한 기준으로 뽑으면 좋겠어요ㅜ저도 무지 나가고파욥..그리구 포토타임때 앉아서만 찍을수 있구 배우님들과 너무 거리감 있게 찍는게아쉬워요ㅜ 서서 찍고도 싶구 조금 더  생생하게 가까이서 찍고싶은 바램이 있네욥오래전부터 이공연 꼭 보고싶어서 눈여겨보다가몇년만에 버킷리스트 깻어요 올해 1월말에 첨가고빠져서 2월에 또 가버린..좋은자리 앉고싶은자리 찜하느라 예약전쟁 치룬.. 무튼 좋은시간이였어요,2023.03.09
100,드림,5,인생 뭐 있나....,인생 ㅁㅓ 있나요 가끔 잘생긴 배우님들 멋짐 공연 보면서 스트레스 날리는거져~,2023.03.09
101,드림,5,포토타임때 배우님들 마스크만 벗어주시면 더 완벽할듯,공연 너무 재밌게 잘 보고 있습니다!!!  다만 이제 포토타임 때 배우님들 마스크는 벗어주셔도 되지 않을까요?  어차피 공연 때는 마스크 다 벗고 공연하시는데  포토타임 때만 왜 마스크를 착용하시는지 잘 이해가 되지 않아요ㅠㅠㅠㅠ  팬들이 올리는 사진과 영상물들이 공연 홍보하는데도 도움이 될텐데 마스크 벗고 포토타임을 진행하는 편이 더 좋지 않을까요?   배우님들 잘생긴 모습 다들 봐주셨으면!!!!,2023.03.06
102,드림,5,정말 짜릿,너무 예술적인 공연이었어요 :) 또 보러 가고싶어요 왜 이제서야 알았을까요 휴,2023.03.06
103,드림,5,재밌고 신선했습니다ㅋㅋㅋ,"이런 공연 생전 처음봤는데 재밌었어요ㅋㅋㅋㅋ아직 유교걸이라는걸 깨닫기 해준 공연이였어요.,재관람 하고싶네요",2023.03.06
104,드림,5,재미있었어요,잘봤습니다,2023.03.06
105,드림,5,재미있어요,잘봤습니다,2023.03.06
106,드림,5,와일드와일드,여러번봐도 재미있어요!,2023.03.06
107,드림,5,2번봐도 좋은 와일드와일드,처음보고 큰 감동받고2번째는 엄마랑 봤어요2번봐도 감동인 와일드와일드리뉴얼 기대할게요^^,2023.03.05
108,드림,5,기대했던…,공연 너무 재미있었습니다. ^^,2023.03.04
109,드림,5,곧 마지막 공연이 다가옵니다.,놓치지말고 꼭 보세요.,2023.02.28
110,드림,5,배우님들의 넘치는 에너지,배우님들의 넘치는 에너지 항상 최고입니다  계속 회전을 돌게하는 매직,2023.02.27
111,드림,3,작년보다 순한맛,작년에 너무 재밌게 관람해서 올해 재관람 했는데 뭔가 미묘하게 다르네요. 작년엔 29금이었다면 올해는 그냥 19금 느낌! 배우들도 많이 지쳐보이고 에너지가 부족해 보였어요. 이대로라면 내년에 다시 돌아와도 재관람은 안할것 같아요.,2023.02.27
112,드림,5,이게 인생이야..22,ㅋㅋ일요일밤이라 좀 지쳐있지 않을까 걱정했는데 낼 휴일이라 그런가 신나있어서 좋았음,2023.02.27
113,드림,5,언제봐도 최고^^,볼때마다 새롭네요..!배우분들 몸이 점점 좋아지시는거 같아용…팬서비스도 짱이에요^.^친구들이랑 맨날 보러가게 되는 매직..신나염!!,2023.02.27
114,드림,5,와일드와일드,매운맛 아이돌 공연~재관람하려고 또 예매했어요~,2023.02.27
115,드림,5,2023 최고의 뮤지컬,9월에 또 보러 올게요~! 와와드 화이팅!!,2023.02.27
116,드림,4,추천합니다,무슨 극인지 궁금했습니다. 추천합니다.,2023.02.27
117,드림,5,한번쯤은 볼 만합니다,재밌게 잘 보고 왔어요,2023.02.27
118,드림,4,추천합니다.,추천합니다.,2023.02.27
119,드림,5,매운맛 아이돌이랄까~,신나는 음악과 춤과 퍼포먼스~잘생긴 배우님들~제 눈이 너무너무 호강했어요~오래 살다보니 이런 공연도 있군요~,2023.02.26
120,드림,5,완전 쇼 굿 쇼 굿 뮤지컬~~~,너무 잘 봣어요 여성이라면 꼭 한번은 봐야할 뮤지컬 입니다…. 다음 시즌 또 온다면 의상 다른 버전도 부탁드려요~~,2023.02.26
121,드림,5,짱쇼뮤지컬,잘생긴 남자들 다 여기에 잇네요… 훈훈합니더 잘 보고가요이…^^*,2023.02.26
122,드림,5,강력 추천이요!,훌륭한 작품이었습니다. 또 보고 싶어요.,2023.02.23
123,드림,5,추천,재밌어요,2023.02.23
124,드림,5,왕대박,또보고싶어여 ㅠㅠㅠㅠㅠㅠㅠㅠㅠㅠㅠ 강천일 한진욱 김사홍 너무 멋져,2023.02.22
125,드림,5,엄마랑 같이 와야겠어요~ 효도겸,젊은 에너지 얻고 갑니다 엄마랑 또 같이 와야겠어오,2023.02.21
126,드림,4,와일드와일드 후기,"와일드와일드 전체적인 소감은 ""쏘쏘""강천일배우님 현대무용 무대와 류지한배우님 밧줄(?) 무대가 기억에 제일 많이 남고 멋있었다????두분 배우는 단체 무대에서 표정도 즐거워 보여서 그런지 인기 있는 이유가 있는 것 같고~이희중배우님 난타 무대가~ 의상이 참 잘 어울렸다????청바지의 흰색 상의 단체무대는 좀.... 의상이 문제인듯????",2023.02.21
127,드림,5,최고에요,다녀와서 제대로 충전해서 옵니다.... 꼭보세요 이제 얼마 안남은게 아쉬울뿐입니다..,2023.02.20
128,드림,3,배우들의 노력 ,배우들의 노력이 많이 돋보였던 공연이였습니다.,2023.02.20
129,드림,5,눈호강 실컨 했네요~,친구들 여러명이 가서 관람하기 좋아요~ 눈호강도 많이 하고 ㅋㅋ 잼있게 잘 봤습니다. 다음에 또 한번 재방문 할 계획도 잡아볼려구요~,2023.02.20
130,드림,5,진짜 미친 공연,"1. 공연 보고 온 날 새벽까지 인스타에 관련 영상 찾아 보느라 잠을 못 잤을 정도로 매력 넘치는 공연.  2. 공연 보고 온 다음 날은 지인들에서 소개하기 바빠 손가락과 입을 아프게 만드는 공연. 3. 공연 보고 온 며칠 후 다시 보려고 재예매 버튼을 누르게 만드는 공연. 4. 그냥 보고 온 날부터 사람 미치게 만드는 공연. 5. 결국 같이 본 친구랑 또 보기로 하고, 시즌 나올 때마다 보기로 약속하게 만든 공연.  이렇게 매력 넘치는 공연을 볼 수 있게 해 주셔서 감사합니다. ()(__)()*",2023.02.20
131,드림,5,여러 번 강추,"한 번 보면 빠져 나올 수 없습니다.. 저는 언젠가부터 매주 토요일, 혹은 일요일마다 보기시작했답니다.",2023.02.20
132,드림,5,최고최고,"처음 보시는 분들은 이 공연을 왜 이제야 알았지 하면서 후회하실 것 같아요...제가 그랬거든요..^^ 직장인이라 토요일, 일요일 밖에 가지못하는게 너무 아쉬워요ㅠ 더 빨리 알았어야했는데..ㅠㅠㅠ 공연 보시는 분들 나이대가 굉장히 다양해요. 저는 70살 할머니도 봤어요! (딸 분이 어머니 모시고 온) 배우님들 스케줄은 매주 일요일 밤에 인스타 공계에서 공지해주십니다~  배우님들이 하나하나 눈마주치면서 팬서비스 해주십니다...정말 천국이따로없는...  처음 보시는분들은 가운데자리가 최고입니다. (사실 배우님들이 이동하시기때문에 어떤 자리든 최고!) 원하는 관객들 중 뽑아서 하는 랩댄스도 있습니다. 진짜 시간 순삭입니다. 아쉬워하는 본인의 모습을 발견할겁니다. 일주일의 피로를 이곳에서 싹 다 풀고갑니다. 그리고 일주일을 이걸로 버티고있습니다!!",2023.02.20
133,드림,5,"한 번도 안 본 사람은 있어도, 한 번만 본 사람은 없는 공연!",관람하고 집에 돌아가는 길에 바로 다음 관람일정 예매했습니다!두말하면 잔소리입니다! 꼭 보러오세요!,2023.02.20
134,드림,5,재밌게 잘봤습니다!,친구랑 보고왔어요! 재밌게 잘봤습니다!,2023.02.20
135,드림,5,재밌어요,재밌어요,2023.02.20
136,드림,5,아줌마들의일탈,먼 거리인데 재관람할정도로 신선한자극이었습니다. 눈이호강이었어요~~공연내내 연신웃음지었는지 눈가에주름이가있더라구요..행복한시간이었어요!!!^^,2023.02.19
137,드림,5,제가 오늘 이 공연으로,한 여성의 하늘이 되었습니다.,2023.02.19
138,드림,5,제발제발,여름공연 해주세요!!!! 배우분들 모두 좋은공연 잘 봤습니다~!!!난타도 멋있고 다다다아ㅇㅏ멋있었어요??,2023.02.19
139,드림,5,제가 오늘 유교걸에서 새로 태어났습니다,눈이 트인다는 게 이런건가요.....세상이 아름다워요??,2023.02.18
140,드림,5,이 공연 보면 혼자 결혼까지 생각하게됩니다..,허허헝ㅠㅠ.ㅠㅠㅠㅠ공연 중에 날려주는 미소에나혼자 미래까지 생각했어요ㅠㅠ설레는 감정 느끼고 싶은 분들 당장 달려가세요..??배우분들 너무 감사합니다 감사합니다 그저 감사합니다중간중간에 관객도 참여하는데심장 터지는 기분 대리로 느꼈어요남친이랑 여행갈 때는 겨털을 밀지만와일드 가실 분들은 바지를 입고가세요그게 준비된 자세에요 ..그럼 이만 공연을 즐기시기를 바라며이 시대 최고의 공연입니다. 브라보.,2023.02.18
141,드림,5,재밌어요,추천합니다,2023.02.17
142,드림,5,얼른 보세요 빨리 보세요,하루라도 빨리봐야 내 정신건강이 건강해집니다 ㅋㅋ,2023.02.17
143,드림,5,이거 안본사람 아직도 있나요?,아직도 이공연을 안봤다면 시대에 뒤떨어지는 사람입니다. 여자들을 위한 귀중한 공연을 즐겼다는것에 삶의 질이 향상되네요.,2023.02.16
144,드림,5,시간 순삭 공연! 일주일치 스트레스 다 풀려요.,시간가는 줄 모르고 끝나는게 너무 아쉬웠어요 ㅠㅠ재공연 또 갈거에요. 재미있었고 그 여운에 이틀 고생하고 있어요 계속가려나 ㅜㅜ 자리는 사이드쪽에 앉았는데 오히려 배우분과 춤도 같이 추거 행복했습니다. ㅎㅎ적극적으로 놀면 더 와주시고 하는거 같아요.좋은 명당자리로 또 갈거에요,2023.02.14
145,드림,5,재밌었습니다,배우님들의 열정이 가득했던 공연이였습니다,2023.02.14
146,드림,5,강력추천,너무너무너무재밌어용,2023.02.14
147,드림,5,화끈한 공연,눈호강 제대로 한 75분이었습니다. 열심히 땀흘리며 열연해준 배우님들 보며 감동 받았습니다.,2023.02.13
148,드림,5,재미있었어요,감사합니다,2023.02.13
149,드림,5,재미있었어요,감사합니다,2023.02.13
150,드림,5,"합법적 마약,,, 도파민에 중독되다",이 좋은 걸 혼자 볼 순 없어요 가족 친구 다 끌고갑시다,2023.02.13
151,드림,5,배우님들이 다 멋지게 잘해주셨어요.,처음부터 끝까지 눈이 초롱초롱..단체무대 너무 멋있었고개인무대들도 정말 박수치며 본것 같아요.하나 아쉬운점이 있다면이 다음에 가게되면 꼭 사이드에 앉겠어요.모든 배우들 다 잘 보고싶어 가운데석 쪽으로예매를 했는데 공연을 보신분들은 느끼셨겠지만 사이드에계신분들 많이 부러웠어요..ㅎㅎ구석구석 다 봐주시며 공연 해주시는것도보기 좋았고사이드에 앉았다고 해서 잘 안보이겠다는아쉬움을 갖고 예매하시는 분들이 계시다면걱정 접어두십쇼..^^좋은무대멋진무대잘 보았습니다.,2023.02.12
152,드림,5,재밋었어요,근데 자리를 마음대로 바꿔주니마니 하는 관객은 별로였네요,2023.02.12
153,드림,5,그냥 좋음,사랑합니다 와일드와일드,2023.02.12
154,드림,4,문화충격,난 사실 유교걸이었구나,2023.02.11
155,드림,3,"와일드에 미쇼 끼얹기 실패, ,","미쇼 고인물인데, 와일드와일드 초연 때 세련된 연출에 반해서 이번에 기대했더니..ㅜ물론 공연장(무대)이 바뀌어서 그럴 수 있지만 뭔가 와일드와일드를 따라하고 싶었던 미쇼 느낌이라 아쉽..ㅜ",2023.02.10
156,드림,5,와일드와일드 관람후기,배우님들 정말 멋있고 핫한 공연이에요. 보고 또 보고싶은 공연입니당^^,2023.02.09
157,드림,5,기대이상 상상그이상,재관람 고려중입니다...그만큼 좋았고요.. 처음에 생각치않은 쇼가 진행되서 당황했는데 괜히 당황했어요. 그 시간에 더 즐길걸ㅋㅋ,2023.02.09
158,드림,5,볼수록 더 매력있는 공연,정말 보변 볼수록 더 매력있는 공연이에요!  배우님들 멋져요!!!,2023.02.06
159,드림,5,재밌게 보았습니다^^!!!!!!,재밌게 보았습니다^^!!!!!!,2023.02.06
160,드림,4,재밌게 보았습니다^^!!!!!!,재밌게 보았습니다^^!!!!!!,2023.02.06
161,드림,5,크으,성인 여자라면 꼭 봐봐야 하는 공연. 출연하는 분들도 그렇지만 관객도 다같이 와일드해져서 막 거의 울부짖는데 아주 새롭고 충격적인 경험이었음.,2023.02.06
162,드림,5,첫공연보고 바로 다음 공연예매함,처음에 기대없이 갔다가 공연보고 다음 공연 또 예매했어요:) 한시간이 순삭되는 공연입니다. 배우분들도 최고 무대매너도 너무 좋았어요.,2023.02.05
163,드림,5,와일드와일드 관람후기,친구들 4명이서 갔는데 한시간? 관람하는 내내 너무 즐거웠습니다 신선한 경험의 기회를 마련해주셔서 감사합니다 다들 재관람하고 싶다네요,2023.02.05
164,드림,5,최고!,"눈호강 지대로 했어요 후후친구들이랑 갔는데 넘 좋았고..좌석을 심사숙고해서 앞쪽으로 했는데,출연진분들과 하이파이브라도 한번 하려면 살짝뒤쪽이나 아예 뒤쪽이 좋을 것 같아요ㅋㅋㅋ앞으로도 이런 류의 공연 주기적으로 보려고 합니다. 넘 즐거웠어요!",2023.02.05
165,드림,5,환상적입니다.,저는 또 가려구요... 너무 재밌어요... 많은 친구들에게 추천하고 있습니다.,2023.02.05
166,드림,5,재밌었어요 ,친구랑 같이 갔는데 화끈하고 재밌었어요 !,2023.02.05
167,드림,5,1열도 나쁘지 않아요,1열에서는 배우님이 돌출무대에서 뒤돌았을 때 앞모습을 볼 수 있네요 ㅎㅎ 어떤 자리에서 봐도 좋군요,2023.02.04
168,드림,5,너무 화끈하고 지루할 틈 없는 공연!,관객들과 춤을 추는 시간이 제일 좋았어요!,2023.02.04
169,드림,5,왜 또 보러가는지 알겠어요,처음엔 헉 이래도 되나 싶었는데 나중엔 너무 즐거워서 광대가 그냥 하늘을 찌르더라구요 그리고 생각보다 무대 구성이 알차고 딱 원하는걸 다 보여준 느낌… 너무 좋았어요!!!!,2023.02.04
170,드림,5,살면서 한번쯤 이런 공연을 봐줘야한다고 생각,너무 좋아요하하하하하하하하하하하하,2023.02.04
171,드림,4,배우분들은 죄없고 일부 진상관객,최고의 공연인건 몇번 보다보니 알겠구요 일부 무례한 관객이 눈에 띄여서 별점 한개뺐어요.관객참여형  씬이 있는데 무슨 생각인건지 마구 배우의 등허리를 막 터치해서 눈쌀찌푸려졌구요 앵콜때도 가끔 껴안으시던 분있던데 그거 가능한건가요?추운 날씨에도 비오듯 땀흘려가며 공연하시는 배우분들 정말 최고 멋지세요!잘생기고 키크고 찰진 연기보시려면 와와!강추!,2023.02.02
172,드림,5,쵝오...,세상에나 너무즐거운 시간이었습니다ㅠㅠ진짜 또 가고싶어요...외국친구들 오면 데려갈까봐용..정말 너무너무×100 후회안하십니다...꼭 예매하셔서 한번 사는 인생 갓생하세용ㅎㅎㅎ한번보고 말거라면 꼭..중간메인 앞자리로 하시구요!거기 앉지못한걸 후회해 또 가게될것 같네요..ㅎㅎㅎ쵝오!,2023.02.02
173,드림,5,재밌어요,다시 보고 싶어지네요,2023.02.01
174,드림,5,눈이 줄거운(?)공연,무슨 내용인지도 모르고 관람했는데 그냥 눈만 즐거운 공연입니다,2023.02.01
175,드림,5,민망함은 사라지는 N차관람,처음 관람은 민망함과 쑥스러움이 있었지만지금은 소리 지르고 박수 열라 치는나는야 N차 관람러~~,2023.01.31
176,드림,5,처음은 부끄럽고 끝은 즐거웠다.,"처음에는 배우분들의 모습을 보기가 부끄럽고 민망하고 했는데, N차 관람하시는 관객분들 덕분에 즐거움이 시작된거같아요. 함께 즐기시고, 음악에 맞춰서 박수 쳐주시니 저도 점점 재밌더라구요! ㅎㅎ   관객석으로 나오셔서 워킹, 포즈 해주시는데 멋지셨습니다 ^^ (저한테도 와주셨으면... 했지만ㅋㅋ)   자리는 3열쪽에 계신분쪽에 계단이 있어서 그쪽으로 배우분들이 다니십니다. 1열 / 3열 / 5열은 무대중앙  이 제일 좋은 자리가 아닐까 싶습니다 하핫!",2023.01.31
177,드림,5,강력추천(별표),몰라서 못본사람은 있어도 한번만 본사람은 없을것!,2023.01.31
178,드림,5,꿀잼,멋짐!! 가서 눈호강 하고 오세요!!!,2023.01.30
179,드림,5,와일드 와일드,천일배우님짱짱!!!,2023.01.30
180,드림,5,와일드 와일드,매일 새롭고 짜릿해요!,2023.01.30
181,드림,5,와일드 와일드,행복한시간 감사합니다~~~,2023.01.30
182,드림,5,인생 티켓입니다,예몌하실때 3열 1열 강추드립니다.치마 입고 오시면 안되요!!!별점이 왜 5개죠!!! 10개도 모잘라요,2023.01.29
183,드림,5,난 분명 한 번만 보려고했는데,왜 매 달 예매를 하는지 모르겠다. 정말 난 그 이유를 모른다. 무튼.. 계속 보고싶다.,2023.01.29
184,드림,4,재밌습니다,어머니 보여드리기 좋아요!,2023.01.28
185,드림,5,이게 인생이지,이게 인생이지 싶다 하루종일 인생이 뭘까 삶이 뭘까하다가  공연보고 알았다 이러려고 산다는 걸,2023.01.28
186,드림,5,너무 즐거운 공연이였습니다! ,친한언니와 함께 간 공연이였는데 너무너무 재미나게 봤습니다. 너무너무 멋지시고 잘생기신 배우님들 보았을때 숨이 멎는줄 알았어요 ㅋㅋㅋ 자리를 잘 선택해서 배우님들과 수줍게 하이파이브도 해보고 계타고 왔네요! 배우님들 땀 뻘뻘 흘리시면서 무대 꾸며주시는데 감동이였습니다 ㅠㅡㅜ 그 멋진 무대를 위해서 운동과 식단 엄청난 노력을 하시겠구나 하며 마지막에는 정말 존경심도 들었습니다 (최고) 같이 간 언니와 우리 20대때에 이런 공연이 있었다면 더 재미나게 즐겼을텐데 하고 아쉽기도 했구요 ^_^ 아무튼 너무너무 멋진 공연 너무너무 감사합니다 다음주에 혼자서 또 보러갑니다 ^-^ ㅋㅋㅋ,2023.01.27
187,드림,5,우와아아,좋은 꿈 꾸고 갑니다,2023.01.27
188,드림,5,진짜 드림입니다.,섹시함은 기본이고 중간중간 나오는 잔망스러움과 충반한 팬서비스 진짜 계속 어머어머 하고 보고 추운 겨울 너무 덥고 뜨겁고 핫했습니다. 아 맞다..관람이 끝나고 나면 목이 아프거나 목소리가 안 나올 수 있습니다. 주의하세요 ㅎㅎㅎㅎㅎㅎㅎㅎ,2023.01.26
189,드림,5,또 보고싶어요,어제 보고 왔는데 또 보고 싶어요,2023.01.26
190,드림,5,추천추천,배우분들의 열정이 가득 느껴져서 좋았습니다. 또 보러 가겠습니다,2023.01.26
191,드림,5,재밌었어요!,시간이 완전 순삭이였어요! 너무너무너무너무너무 재밌었습니당,2023.01.25
192,드림,5,추천추추천추천추천추천,추천추추천추천추천추천,2023.01.25
193,드림,5,재밌게보았습니다,재밌게보았습니다,2023.01.25
194,드림,5,��÷�Ƕ�,��÷�Ƕ�,2023.01.25
195,드림,4,�������� ��հ�~~,�������� ��հ�~~,2023.01.25
196,드림,4,��վ��~,��վ��~,2023.01.25
197,드림,5,연휴에도 와일드했던 공연!!!,연휴에도 와일드하게 잘 즐기고 왔습니다!!!  배우님들 최고에요!,2023.01.25
198,드림,4,짧고 강렬하게,"&#51686;은시간동안 알차고 강렬?한 공연이었습니다 배우분들 멋지고.., 즐거운 시간이었습니다~^^",2023.01.25
199,드림,4,재밌고 멋진 공연,배우분들의 개인기도 훌륭하고모두 춤도 잘추시고무엇보다 몸매관리를 어찌하셨는지!!_멋있고 좋았습니다,2023.01.24
200,드림,5,다들 행복한 시간 보내고 오세요.,"컨셉이 정말 다양합니다. 75분이 순식간에 지나가서 아쉬울 정도 였어요.??핫바디 배우님들을 가까이 보길 원하시면 무대에서 2자리까지는 아이컨택도 가능하고, 상호협의 하에 터치도...??터지까지는 조금 부담스럽다! 하시면 3칸 떨어진 곳에 자리를 잡으시면 좋을 것 같아요.??무대와 멀리 떨어진 R석도 공연 중간중간에 배우님들이 가까이서 퍼포먼스를 해주신답니다! 그래서 어느 자리에 앉던 만족스런 공연을 볼 수 있습니다??",2023.01.24
201,드림,4,재밌어요,재밌어요,2023.01.24
202,드림,5,쏘핫핫,전 시즌 생각하면 조금 아쉽지만 그래도 배우분들이 짱이셔서 잘 봣습니당 쫀꿈 쫀힐링 ~~~,2023.01.24
203,드림,5,포인트,포인트 언제 줌,2023.01.24
204,드림,5,포인트,포인트 언제 줌,2023.01.23
205,드림,5,재밌었어요,재밌었어요,2023.01.23
206,드림,5,와일드와일드드림,ㅇ야 이거다 진짜다 진짜 최고 진짜 진짜 너무 감사했어요 살아서 이 공연을 본다는거에,2023.01.23
207,드림,5,사홍씨~~~,동생이랑 ㅊ초음 보러갓는데 넘 좋앗어용 ~~,2023.01.22
208,드림,5,어머니 모시고 효도했습니다,이 좋은걸 저만 볼 수 없어서 어머니 모시고 보고 왔는데 살면서 제일 큰 효도를 한 것 같습니다^^,2023.01.22
209,드림,5,이건 무조건 한번은 꼭봐야하는,친구추천으로 혼자 갔다가 홀려서 온 사람입니다!그 공연에 눈땔 시간이 없고박수도 못칠만큼 빠져들고흥을 올리는 스킬들이 장난아닌공연이 끝나기 전에 친구들과 다시 한번 보러갈 생각이예요!,2023.01.20
210,드림,5,재밌었어요,또 가야지,2023.01.20
211,드림,5,레전드,미치겟슴요 하..,2023.01.18
212,드림,5,꼭 앞에서 봐야 합니다,멀리서 보면 이 공연을 보는 의미가 없어요... 앞에서 감상해야 합니다!!,2023.01.17
213,드림,5,존잘~~~,눈호강 귀호강 오감이 깨어나는 공연배우님들 감사합니다,2023.01.17
214,드림,5,날 것 그대로의 느낌,날것그대로네요 ㅋㅋ,2023.01.17
215,드림,5,귿굳,굳굳굳이비당,2023.01.16
216,드림,5,재밌었어요!!!!!!!!!!!!!,재밌었어요!!!!!!!!!!!!!,2023.01.16
217,드림,5,시원합니다 재밌습니다,스트레스 받던 일주일 주말에 시원하게 날렸어요덕분입니다친구들잔뜩데리고가고싶어요많이보셨음좋겠어요 여성분들컴온!!! 보러오세요 강추!,2023.01.16
218,드림,5,스트레스날리고싶은 여성분들 오세요,츄라이츄라이스트레스 날리고 가세요 마음껏 소리지르고눈호강 가능!!! 현실에선없을것같은 배우들이무대위가득!!!! 보러오세요,2023.01.16
219,드림,5,최고의공연이에요!!,이번에 결혼한 동생 데리고 갔어요남편만 보고 산게 넘 억울하다고 보고싶다해서데려갔습니다결론은 동생이 너무 좋아했습니다ㅜㅠ진짜 둘다 스트레스 잘 풀다 갑니다ㅠ,2023.01.15
220,드림,5,최고의공연,정말 최고의 공연이였습니다!!오프닝부터 커튼콜까지 눈이 정말 호강하는공연이였습니다회사에서 받은 스트레스 다풀고갑니다!!,2023.01.15
221,드림,5,도경배우님!!! 멋져요~,시작부터 시선강탈 공연!!!!흰 나시티에 청바지 어쩜 이렇게 다들 멋지신지ㅜㅜ도경 배우님 공연할때 눈빛 완전 강렬해요ㅎㅎ그러다 웃는 모습 봤는데 어찌나 예쁘시던지ㅜㅜ웃는 모습에 감탄감탄 또 감탄ㅎㅎ도경배우님의 와이어씬? 너무 멋지고 제가 무대에 올라가있고 싶었네요ㅋㅋㅋㅋㅋㅋㅋ난타도 진짜 파워풀하고 물이 몸에 튀니까 배우님들 더 섹시하고ㅋㅋㅋㅋㅋㅋㅋ너무 신세계 그 잡채 공연이었어요♡♡♡♡또 가고싶어요~ 와일드앓이중이네요ㅎㅎ,2023.01.15
222,드림,5,진짜... 사령관 엠씨님....,진짜... 와일드와일드의 사령관을 맡고 있는 강청광입니다... 부분... 너무 ... 사랑...그저 사랑... 지금 세상이 배우님꺼 같으시죠? 몇년만 지나봐요;;; 온우주까지 배우님꺼같을테니까;;;;;;;; ㅋㅋㅋㅋ ㅠ 하... 진짜 암전 후의 등장부터 퇴장까지 사령관엠씨님의 모든점이 너무 멋지고 좋아하는 팬으로써는 오늘은 사령관엠씨님일까 누구실까 그저 기대하며 두근두근 기다링뿐이에요ㅠㅠㅠ............... 너무 좋아하는 사령관엠씨님 ㅜ,2023.01.14
223,드림,5,믿고 보는 정한샘 배우님,"진짜 워킹 천재...걷는 걸로 이미 분위기 압도..걷기만해도 멋있다춤까지!? 심지어 춤도 완전 잘춰!!!포징도 진짜..다양하고포징하실 때마다 근육이..진짜 믿고 보는 정한샘 배우님..카리스마있고 잘생기고, 귀엽고, 멋지고 다하는 정한샘 배우님여러분 한샘배우님 보세요!",2023.01.14
224,드림,5,수트씬...,강청광 배우님 무대중앙 첫등장부터 너무 수트도 멋있고 예쁘고 분위기 압도하고ㅠ 춤이랑 그 넥타이라인 잡는거나 시계 보는듯한 동작이나 진짜 하나하나 모든씬이 버릴곳도 없이 너무 좋고 멋지고 예쁘고요ㅠㅠㅠㅠ 등장 첫시작 알리는게 일단 너무너무 멋지고 예쁘고요ㅠ 관객한태가는것도 멋있고 그냥 다 멋지고 10열쪽 포징도 너무 멋있고 11열 12열 관객까지 전부 다 챙기시려는 모습이... 걍...너무...그잡채 걍 사랑한다는 말밖에 나오지 않아요... 이렇게 해서는 세계 최고의 배우밖에 되지 못한다고 전해주세요;;;;,2023.01.14
225,드림,5,수트 왜이렇게 잘어울려요!?,"즌1 핑크수트도 찰떡이었는데,즌2 파란수트도 찰떡!!안어울리는 옷이 뭐죠??수트 진짜 넘나 잘어울리시는 정한샘 배우님응원해요!",2023.01.14
226,드림,5,청바지씬 어쩜..,청광배우님 청바지씬 등장부터 정말 어쩜그렇게 멋있으세요ㅠㅠㅠ??? 진짜 진짜... 배우님... 춤...찢었다... 무대를 찢었다... 명보를 찢었다... 미모에 이어 춤과 목소리와 헤메로 모든걸 찢었다.... 사랑합니다.... 좋아합니다...팬입니다ㅠㅠㅠㅠㅠㅠㅠㅠ,2023.01.14
227,드림,5,정한샘 배우님 파워가..,난타채 두동강나도록 난타치시는 배우님..진짜 파워.. 존경스럽다,2023.01.14
228,드림,5,난타씬 정말.....,강청광배우님 정말 난타씬 칼박자는 말할거도 엊ㅅ고 진짜 파워업 존재감 최고십니다 너무 멋있으세요 오블럭 끝에서도 느껴지는 멋짐 진짜 세상 신나고 멋있어요 배우님 보러 공연 보러갑니다ㅠㅠ,2023.01.14
229,드림,5,정한샘 배우님 최고다!!!,오프닝부터 엔딩까지 시선강탈!!,2023.01.14
230,드림,5,진짜 사령관님....,진짜 제복씬 너무 멋있고 짱이에요... 사령관 그 잡채... 소리 질러 부분 ㄹ외치는거 진짜 세상에서 제일 멋있어요ㅠㅠㅠ,2023.01.14
231,드림,5,볼 때마다 멋지다,정한샘배우님 가면갈수록 점점 더 멋있어져요ㅠ진짜!!!! 정한샘 최고!!!,2023.01.14
232,드림,5,강청광배우님,좋아합ㄴ디다!!!!!! 팬입니다!!!!!!!!!,2023.01.14
233,드림,5,난타..,난타..센터에서 정한샘배우님 파워가..진짜 최고ㅠㅠㅠ!!!,2023.01.14
234,드림,5,꺄앜...!!,ㅋㅋㅋㅋㅋ 너무 좋아요 좋구요 최고네요눈니 너무 즐거운데 마스크 안 입술이 너무 말라요 ㅋㅋㅋ 공연 전 립밤 바르는 거 필수 ㅋㅋㅋ,2023.01.14
235,드림,5,판타지 그 이상~~♡♡,공연 75분이 75초와 같고 75시간이길 바랬던 꿈같은 시간이었습니다같이간 친구와 동생에게 엄지척을 받은.. 다음에 공연 또 갈거예욤,2023.01.13
236,드림,5,생에 처음을 겪어보다,정말 이런 공연이 있다니...^^ 처음엔 충격이었고 끝날땐 아쉬웠다친구소개로 예매를 급하게하고 보러간 공연이었는데 배우들 첫 등장부터가 아주 눈이 휘둥그레졌다^^ㅋ 대사가 있는 공연인 줄 알았으나 보다보니 오직 몸으로 표현하는 무대구나 알았다점점 빠져들어가는 내모습ㅋㅋ 배우들의 끼와 노력이 보여지는 무대였다  쉬는 텀도 너무 짧고 계속 춤을 추면서 관객들에게 표현하려다보니 숨이차고 나중에 안쓰러워보였다ㅠ 끝날땐 너무 아쉬워 다음을 기약하며 나온 공연이였다새로움을 알게해준 '와일드와일드' 공연 종료전에 한번 더 볼 수 있길^^,2023.01.13
237,드림,5,엄마랑 공연후기,엄마 모시고 다녀왔는데공연내내 리액션과 박수로 손바닥 아프시다고 할 정도로 재밋게 보고왔습니다~다른분들의 적극적인 호응?환호 소리에 더 분위기가 신나고 재밌었던거 같아요,2023.01.13
238,드림,5,2월달도 예매완료,2월달도 예매완료  너무너무 재밌잖아요!!!!,2023.01.12
239,드림,5,Fun fun FUN,진짜 기분 좋게 만드는 쇼 입니다. 재밌고 섹시하고 스트레스를 다 푸는거에요. 그래서 다시 가고 싶어요 ㅎㅎ,2023.01.11
240,드림,5,유후후~^^,2년만에 보는데 역쉬 실망을 시키지 않네요..친구랑 같이 갔는데 다음엔 엄마랑 갈래요 ㅋㅋ모두들 수고 많으셨어요 ~,2023.01.11
241,드림,5,최고최고,배우님들 열정과 노력에 박수와 찬사를 드립니당,2023.01.11
242,드림,5,재밌어요,너무너무 재밌어서 n차 관람은 필수랍니당,2023.01.11
243,드림,5,재밌어요재밌어요,보면 볼 수록 넘넘 재밌는 와일드와일드~!,2023.01.11
244,드림,5,"같은 출연진, 다른 배역",분명히 이전에는 다른 역할이었는데 이번에는 저번과 다른 배역을 연기한 배우분들이 많았네요~N차 관람러들을 위한 다양성 지향인가요?ㅋㅋ,2023.01.11
245,드림,5,너무나좋았던공연,친한언니소개로같이갔던공연이었지만너무나행복하고 꿈같았던공연♡♡,2023.01.09
246,드림,5,다시보러가고싶은 쏘핫공연,눈호강 그 잡채처음에는 어색하기도했지만 점점 빠져들고 즐길수밖에 없는 공연기회되면 또 가고싶어요,2023.01.09
247,드림,4,오랜만에 눈 호강,관객 참여 빈도도 높고 출연자들이 관객들과 아이컨택하려는 모습도 많이 보여서 좋았어요잘생기고 몸도 좋은분들 여럿을 한번에 보니 눈둘곳이 없더군요 ㅎㅎ,2023.01.09
248,드림,5,2023년 새해맞이 친구들과의 일탈!,"와일드 와일드 공연을 보기 위해 친구들과 오랜만에 만남을 가지게 되었다. 기대감 가득 담아 설레이는 마음으로 기다렸고, 공연 내내 친구들은 두눈이 반짝이기도 했다 멋있는 퍼포먼스들이 계속해서 이어졌고, 배우들의 열정적인 모습에 관객들의 호응도 너무 좋았다. 내 삶에 빠질 수 없는 베스트 프랜드들과 좋은 시간을 가질 수 있어서 행복했다. 멋진 배우님들 최고였어요~! 화이팅!",2023.01.09
249,드림,5,엄마랑 친구들 티케팅 해드럈어요,잘 봤다고 하시네요 ㅎㅎ,2023.01.09
250,드림,5,매일 보고싶어요~!!,매일 보고싶어요~!!,2023.01.09
251,드림,5,재밌었어요~,재밌었어요~,2023.01.09
252,드림,5,행복했습니당,"너무너무 재밌었어요! 춤도 너무 좋았고, 관객과 소통도 너무 잘해주셨고, 아무생각없이 즐기고 오기 좋은 공연이었습니다! 랜덤으로 티켓 안에 포토티켓(배우분들과 사진촬영 가능)을 넣어주시는 이벤트도 진행중이었던 것 같은데 당첨되어 배우분들과 사진도 찍을 수 있어서 더 좋았습니다! 시간 나면 2월 공연도 또 보러가고 싶었습니다!",2023.01.08
253,드림,5,특이하고 신기했어요,"처음 보자마자 특이한다고 생각했어요.색깔, 그린 선들 너무 자연스럽기 융합되어 있어요",2023.01.08
254,드림,5,이런공연이 있다니.. 와..,좀더 빨리알았으면 한번은 더 왔을거같네요ㅋ??ㅋ??ㅋ?? 무대로 올라갈뻔했는데 가위바위보 진거 너무 한맺혀요 ㅠㅠㅠ엉엉 공연 엄청 재밌게 봤어요! 눈도 귀도 다 즐거웠습니다,2023.01.08
255,드림,5,즐거웠어요ㅋㅋ,관객 참여도 높고 분위기도 음악도 신나고 즐거운 공연이였어요 배우분들도 열정가득 멋있어요 강추합니다 또 보러갈꺼에요ㅋㅋ,2023.01.08
256,드림,5,와일드 와일드,친구들과 함께 재미있게 잘 봤습니다,2023.01.08
257,드림,3,궁금하면 보세요,관람객들 반응이 너무 웃겨서 재밌었다,2023.01.08
258,드림,5,재밌어요,재밌어요 또 가야지,2023.01.07
259,드림,5,행복했어요,이제서야 알게된게 너무 아쉬울만큼 너무 재밌게 봤습니다  진짜 일주일의 모든 스트레스가 날아갈만큼 즐거운시간이었습니다~!또 보러 갈께요??,2023.01.07
260,드림,5,N차 관람 필수,첫 번째 공연 때는 부끄러워서 제대로 못 즐겼다는걸 두 번째 보면서 느꼈어요... n차 관람 필수입니다^^,2023.01.07
261,드림,5,완전 신나게 즐겼어요,완전 신나게 즐겼어요,2023.01.06
262,드림,5,와우 볼거리가,와우 볼거리가,2023.01.06
263,드림,5,빠져나올수없어요,진짜 비상구가 없답니다^^꼭 보세요 꼭~~!!,2023.01.04
264,드림,3,한번쯤은 볼만함 ,연기자들의 열정이 느껴집니다 한번쯤은 볼만함,2023.01.04
265,드림,5,스트레스풀기딱,좋아하는 배우도 나오고 다양한 볼거리가 있어서 너무 좋았어요 시즌1이랑 너무비슷하면 어쩌나 걱정했는데 무대 구성이 달라져서 더 신선하고 좋았어요 재관람 의향 있습니다.,2023.01.04
266,드림,5,최고였어용,그냥 또 가야지.. 아75분 너무 짧은데..?이렇게 가까이서 봐도 되는건가 하는 민망함 잠시멋진 퍼포먼스들이 너무 많아서 몰입도가 높아 좋았어요! 멋진 공연을 위해 얼마나 노력하셨을지!저는 첫 공연이였는데..한 번도 안 본 사람은 있어도 한 번만 보는 사람은 없을거다의 표본이였던????사진 촬영이 안되서 한 장도 없는게 아쉬워요??,2023.01.03
267,드림,5,새해 첫날을 더할 나위 없이 시원하게 즐긴 공연,"새해 첫날부터 을지로 3가로 1시간여 동안 지하철을 타고 와일드 와일드를 보러 갔습니다. 제가 제일 좋아하는 배우들 네 분이 모두 나오는 공연을 보고 싶기도 했고, 그들이 열정적으로 공연에 임하는 모습을 보면 저도 너무나 동기부여가 크게 되어서 항상 공연을 보면 기운이 나요.  새해 공연이라 그런지 다들 파이팅 넘치고 관객들 호응도 좋고 웃고 행복한 비명을 지르며 공연을 즐겼습니다. 먼 좌석까지도 와주셔서 하이파이브해 주신 배우들 덕에 더 힘이 나서 올 한 해도 더 잘 보낼 수 있을 것 같아요! 소리 질러~ 하면서 외쳐 주신 강청광 배우님 덕에 소리 열심히 질러가며 미친 듯이 손 흔들고 머리 휘저어가며 최고로 재밌게 보고 즐긴 공연이었습니다. 마지막까지도요.   꽤 추운 날씨임에도 불구하고 밖에서 기다린 팬들 생각해서 긴 줄을 선 팬들 다 따스하게 맞아 주시고 친절하게 사진 찍어주신 배우님들 감사해요. 직장인은 칼퇴가 생명인데 퇴근길에 그렇게 시간 내어서 팬들 대해주시는 모습은 언제나 감동입니다. 늘 건강하시고 아프지 마시고 오래오래 공연해 주세요^^  감사합니다!",2023.01.02
268,드림,5,2022년의 마지막을 신나게~,2022년의 마지막도 신나게 즐기고 왔습니다~! 스트레스 다 풀고왔어요~ 올해도 열시미 달려볼거예요!,2023.01.02
269,드림,5,화끈한 저녁을 보내고 싶으신 분~,와일드 와일드 드림을 친한 언니들과 같이 보았는데  언니들이 잠은 다 잤다며 좋아했습니다.   적극적인 분들이라면 객석에 올라가 보는것을 적극 추천드려요. 언제 그런 경험을 해보겠어요.  저는 좀 샤이해서 보는것만으로도 부끄부끄했지만~   연말 표 값이 하나도 아깝지 않은 공연이었습니다.   그리고 자리 선점이 중요한데 낀 자리보다는 맨 앞자리나 통로부분에 앉으시는게 출연자들이 지나가서 더 생생하게 공연을 느낄수 있을거 같네요 꿀팁 전수해 드립니다.,2023.01.02
270,드림,5,좋아요~~~,좋아요~~~,2023.01.02
271,드림,5,시간나는대로...돈이 생기는대로 보세요...,무조건 보세요... 더 많은 사람들이 알아야해요... 말이 필요 없습니다.... 행복하세요 모두...,2023.01.02
272,드림,4,새해 화끈한 시작!!,"앵콜 포함 1시간 15분의 꽉 찬 공연, 너무 즐거웠어요. 신경 써 준비한 군무와 안무들… 너무너무 눈 호강하고 가요!!다만 아쉬웠던 점은 술 종류를 팔지 않았다는 거… ㅠ..ㅠ아니 어떻게 맨 정신에 이걸 보냐고요?? 흑흑다음번엔 게인 친구와 함께 오고 깊은데 남자는 절대 안된대요. ㅠ..ㅠ 내 친구도 엄청 좋아할 거 같은데…연세 꽤 있으신 어머님이랑 같이 온 친구도 있더라고요. 어머님도 엄청 좋아하셨음. 아무튼 너무 좋았고요. 새해에 다른 안무나 이벤트 짜서 새 공연 올라오면 또 놀러올게요~~",2023.01.02
273,드림,5,재미있었어요,잘 봤습니다,2023.01.02
274,드림,5,최고에요,정말 최고의 공연이에요보는 내내 잇몸이 마르고 광대가 아프고감탄만하다가 나온 공연이에요너무 행복한 시간이였고 그 시간을 다시 누리고자 또 예매했습니다!다시 보는 그 날을 위해 현생 버틸 수 있을거 같아요 감사합니다!!!!,2023.01.01
275,드림,5,기대했던 만큼 너무 행복했어요,파격적이어서 너무너무 놀랬지만 정말 너무너무 행복했던 시간이었어요!!,2023.01.01
276,드림,5,재밌어요,추천해요,2022.12.31
277,드림,5,그들의 열정에 박수를!,"뭔지 모를 부끄러움이있어서 어딜봐야할지 모르고 처음에는 세상 어리둥절했는데,  공연을 보다보면, 그분들의 열정이 느껴져서 어느새 같이 즐기게되더라구요.  멋있었어요! 친구와 함께 즐거운 시간이였습니다!!",2022.12.30
278,드림,4,아주아주 좋았습니다!,"다들 얌전하게만 관람하셨는데, 저는 저랑 지인이랑 소리지르면서 손도 흔들면서 왔어요스트레스 다 풀리고! 사실 이런 공연은 첨이라 문화충격도 받았지만...ㅎㅎ재밌고 짧았고 아쉬웠다!",2022.12.30
279,드림,5,배우분들의 열정에 감동했어요!,땀 흩뿌리면서 심장 터질듯이 공연하는 모습이 멋있었어요. 몸 만들어서 말리는 것도 힘들었을텐데 퍼포먼스적으로 와.. 넘 훌륭했어요. 즐기는 모습 최고!! 모두 몸보신 잘 하셔야될것 같아요.,2022.12.29
280,드림,5,최고였어요,너무재밌었고 핫했어요??????왜N차 관람하는지 알겠네영 ㅎㅎㅎ,2022.12.29
281,드림,5,와일드와일드는 힐링공연~,현생에 치여서 한달여만에 보게 된 와일드와일드~ 그래도 크리스마스 이브에 찐친들과 너무 즐거운 시간보냈습니다~! 크리스마스라고 이벤트도 해주시고~ 비록 당첨운은 없는 저랑은 상관없는 일이지만..ㅎㅎㅎ 여러가지 볼거리로 가득하고 즐기고 왔습니다~ 다시 현생을 살아야하지만. 다음 예매해놓은 날짜 기다리며 열시미 살아보렵니다~ㅋㅋㅋ,2022.12.28
282,드림,5,일 할 동기를 얻었다,"갑자기 막 일하고 싶어지네요^_^공연장을 나서면서 재예매를 하게 되는, 최고의 공연이네요ㅎㅎ",2022.12.27
283,드림,5,나의 호르몬에게 주는 최고의 선물,처음 친구가 보러 가자고 했을 때는 평소 남자 몸을 막 좋아하는 것도 아니고 성욕도 거의 없는 저였기에  기대는 전혀 없이 그냥 친구랑 노는 재미뿐이었는데  하 미쳤...... 큰 실수였습니다.  저는 남자 몸을 너무 좋아하고 성욕이 없는 여자가 아니었습니다.  공연 시작하자마자 정말 온 몸에 피가 새로 돌더니 온 몸에 호르몬들이 파티를 여는듯한 기분 정말 이건 황홀하다는 말로 밖에 표현이 안됩니다.  내 인생 32년만에 여자로 태어나기를 잘했다 라고 느낀 게 처음이고 살아있기를 정말 잘했다 라고 느꼈습니다.  앞으로 그 누구보다 열심히 돈을 벌어야 할 이유가 생겼고 연애 뭐하러 합니까ㅠ^ㅠ  이런 공연이 있다면 진짜 연애 필요없습니다.  배우님들 덕분에 제 인생 제2막이 시작되는 기분입니다. 죽어있던 제 여성호르몬을 깨우ㅓ주셔서 감사하고 의미없던 제 삶에 활력소를 불어 넣어주셔서 진심으로 감사합니다.  자 그럼 저는 재예매하러 가보겠습니다.  빠빠 :),2022.12.26
284,드림,5,한샘오빠가 좋아해버렸어 ㅠㅠ ,너무 좋고 스트레스를 잘 푸는 곳이야 ㅋㅋㅋ 특히 한샘 오빠가 ㅠㅠ 나의 시선은 오빠만으로 봤거든 ㅋㅋㅋ 내 스타일,2022.12.26
285,드림,5,재밌어요!! 여성분들 꼭 보세요...,기회가 되신다면 꼭 보셨으면 좋겠어요. 정말 좋은 추억 남기실 수 있답니다^^,2022.12.26
286,드림,5,강력추천합니당!!!!!!,강력추천합니당!!!!!!,2022.12.26
287,드림,5,또 보고싶어요!,또 보고싶어요!,2022.12.26
288,드림,5,크리스마스 재밌었어요!,크리스마스 재밌었어요!,2022.12.26
289,드림,4,재밋었어요~~~~~~~~~~~^^,재밋었어요~~~~~~~~~~~^^,2022.12.26
290,드림,5,즐겁게 잘 봤습니다~,다들 여러번 공연 보시는지 박자 맞춰 주시는 관람객들 덕분에 잘 묻어서 즐겼습니다... 음악 신나고 좋아요~~ 배우님들 관리하시느라 힘드시겠지만...멋진 공연 쵝오였습니다~,2022.12.26
291,드림,5,스트레스 날려~~~^^,또 결제 중ㅎㅎ,2022.12.26
292,드림,5,재미있었어요,잘 봤습니다,2022.12.26
293,드림,5,재미있었어요,잘 봤습니다,2022.12.26
294,드림,4,와일드와일드(드림,"딸이랑 같이 갔딘왔는데 나름 괜찬았어요.,.전 박칼린 미스트쇼를 먼저 관람한터라 장단점은 있지만 요소요소가 색다른 면도있구 연애 경험이 없는 큰딸을 데려가길 잘했다는 만족감....좋았습니다.",2022.12.23
295,드림,5,여자라면 꼬옥,"저는 남자 얼굴봅니다 그래도 추천드립니다 몸 보는 분? 정말 추천드립니다 인체 공부하시는 분들, 19세 이상 타겟의 창작물을 만드시는 분들 강력 추천드립니다. K-pop 19금 콘서트 온 기분이에요.  배우분들 손이 따뜻했어요",2022.12.22
296,드림,5,가슴이..따뜻하다 못해 후끈해지는 공연,내가 아직 살아있음을 느꼈어요추천해요 b,2022.12.21
297,드림,5,와일드와일드드림,와일드와일드드림,2022.12.19
298,드림,5,즐거워요~~~~~,즐거워요~~~~~,2022.12.19
299,드림,5,잘봤습니다.^^,잘봤습니다.^^,2022.12.19
300,드림,4,잘봤습니다.,잘봤습니다.,2022.12.19
301,드림,5,연말 최고의 공연이였습니다,시간가는줄모르고 공연내내 입벌리고봤네요ㅠㅠㅠ,2022.12.19
302,드림,5,이번주에도 예매 완료,이번주에도 공연 즐기러 갑니다!!! 예매완료!!!,2022.12.19
303,드림,5,More than I expected. Amazing fun with your girl friends. Stress relief!!,"I was dragged to the show after my friends asked me to go for many months. Actually I was under a lot of stress from my job and finally decided to take a chance on seeing Wild Wild. At first, I thought I would just be entertained by the rest of the crowds reactions and some fun dancing but it was more than that. The guys were so dynamic and fun to watch as they played to the audience. I was amazed how amazing these dancers were (on top of being really sexy and visually appealing).   The music chosen for the show and each performance helped create different atmosphere to cater to all the needs / dreams of the women who were watching. Now I can understand why many visitors return over and over again. Even as a foreigner, I didn''t feel like I missed out on the fun due to language barrier. I am thinking to go back with my friends for Bachelorette party soon! Worth the money and the cast are so kind and friendly too!",2022.12.19
304,드림,4,환상,"여자분들이 즐기기에 아주 좋은 공연입니다. 관객참여형도 있고, 관객석으로 골고루 돌아다녀주셔서 너무 좋아요",2022.12.19
305,드림,4,행복한 시간이었습니다.,행복한 종일반 완성!,2022.12.19
306,드림,5,행복한 시간이었습니다.,꺄아아!!,2022.12.19
307,드림,5,재밌어요,실컷 놀다 왔네요,2022.12.19
308,드림,5,굳,굳입니다,2022.12.19
309,드림,5,재밌었어요,큰 기대없이 갔는데 배우님들의 열정적인 모습에 반했어요  다음 공연도 예매했습니다 다음 공연도 멋진 모습 기대하겠습니다.,2022.12.18
310,드림,4,비매너관객 제재를 좀 해주셨으면 해요,"공연은 매번 너무 재밌게 보고있습니다. 다만 요즘 초대가 많아진탓인지, 객석으로 내려오는 배우를 붙잡고 몸을 터치하거나, 샤워씬에서 배우한테 성희롱멘트를 하는 비매너관객이 많이 보이네요...지나가는 배우님들 몸을 멋대로 만져 배우님들이 당황하시는 모습을 본게 한두번이 아닙니다. 그런데 어셔분들은 공연중 휴대폰 사용만 제재하시고, 그런 관객들은 아무런 제재가 없으니 공연이 끝날때까지 몇번씩이나 그런 행동을 하네요...배우보호와 다른 관객들의 쾌적한 공연관람을 위해서라도 그런 비매너 관객은 확실하게 어셔분이 제재해주셨으면 합니다.",2022.12.18
311,드림,5,최고에요,친구랑 보러 갔는데 너무 재밌게 보고왔어요. 몇번 관람 하신분들 많은것 같은데 관크 한분 계셔서 공연 보는내내 자꾸 신경쓰였어요. 그거 말고는 너무 완벽한 공연!!,2022.12.18
312,드림,5,이 좋은걸 왜,이 좋은걸 왜 이제서야 봤을까아니야 늦게 알아서 다행이에요 또 보고 싶거든요 중독될 것 같아요너무 핫해서 마스크 안에서 광대 터지는 줄 알았습니다 ^^,2022.12.18
313,드림,4,아쉬웠어요.,공연 두번 정도 관람했는데 재밌어서 또 예매했어요.멀리서 출발하는데 눈이 많이 와서 자꾸 교통편이 취소되고 그래서 한번도 늦은 적이 없는데 시작 시간 딱 맞춰 도착했어요.늦은 잘못이겠지만 그래도 예매한 자리를 보장 받지 못해 좀 아쉬웠어요..예전에 미스터쇼도 관람했었는데 거긴 공연 중에도 제자리 찾아서 앉게 해주는걸 봤는데 여긴 아니라서 너무 아까워서 집중도 안되고 그냥 그랬어요..,2022.12.17
314,드림,5,친구들과 재밌게 관람했습니다!,친구들과 연말 모임으로 함께 관람했는데 색다른 경험이었습니다!,2022.12.16
315,드림,5,처음인데 최고입니다!,아주 좋고 재미있습니다!!다른 외국 친구가 올 때 다시 데리고 가겠습니다!,2022.12.16
316,드림,5,신이나는구만,역싀 기대를 져버리지 않는 와와!!,2022.12.15
317,드림,5,와일드 흥하고 있구나,와일드 흥하고 있다는게 느껴지네요  어떻게든 까내리려고 들어오는 사람도 있고ㅋㅋㅋㅋㅋㅋㅋ   점점 더 멋있어지고 있는 배우님들 화이팅!!!,2022.12.14
318,드림,5,나도 모른다 왜 자꾸 결재하게되는지,멋진 오빠들 자무 보니괜히 눈만 높아지고 있다하아 어쩔꺼에요 ㅜ그래도 그 시간 동안 즐거우니 됐다,2022.12.14
319,드림,3,연말이라 사람이 많아짐,아쉬운 점 개선은 하고 있는지는 모르겠으나 외국 관람객이 많이 늘었음. 그리고 kk데이였나 아무튼 거기서 예매하면 외국인 관람객 한정 포티 이벤트 하던데 ㅋㅋ  암것도 모르고 7만원주고 MD사서 포타올라간 나.. 꽤나 호갱일지도,2022.12.14
320,드림,1,몸을 다시 만들고 나오세요....멸치인줄...,기대하고 갔는데....두분 정도만 몸을 만드셨지...나머지 분들은....왜 나오신건지.... 미스터 쇼가 훨씬~~~내용도 그렇고 나오시는 분도 아주 굿 이었는데... 배우분들 더 몸을 만드셔야겠어요...돈이 아깝네요..,2022.12.14
321,드림,5,볼수록 더 재밌는 와일드,볼수록 더 재밌는 와일드  이번주에도 또 보러가요!!!   배우님들 화이팅!,2022.12.13
322,드림,5,진짜 넘모 재밌어요,한국에 이런 공연이 있구나. 나 정말 감동받았어요 ㅠ.ㅠ 그리고 자극적인 내용을 떠나 열심히 연습하셨을 배우들의 노고가 보여서 더 감동이었어요.,2022.12.13
323,드림,3,와일드와일드,이런 공연 처음봐요~ 보는내내 즐겁고 시간가는줄 몰라요~,2022.12.13
324,드림,5,이제 공연 두 달 남았는데 이재우 배우님이랑 준배우님은 못보는건가요,이제 공연 두 달 남았는데 초반에만 잠깐 볼 수 있었던 이재우 배우님이랑  캐스트에는 있지만 아직 한 번도 출연하지 않은 준 배우님은 볼 수 없는건가요?  많이 기대하고 있었는데 배우님들 두 분이나 볼 수 없는건 조금 아쉬운거 같아요ㅠㅠ,2022.12.12
325,드림,5,항상 최고!!!,말해 뭐하겠어요?  일단 한 번 보러 오세요!!!  이제 두 달 밖에 남지 않았다구요!,2022.12.12
326,드림,4,포인트단첨되랏,포인트단첨되랏,2022.12.12
327,드림,5,또봐도또봐도재밌어요~,봐도봐도재밌어요~,2022.12.12
328,드림,5,재밌어요!!!!!!!!,재밌어요!!!!!!!!,2022.12.12
329,드림,3,그냥 한번쯤 괜찮은거같아요,한번쯤 본걸로 만족 할께요! 다들 열심히 공연도 해주시고 즐거웟어요!,2022.12.12
330,드림,5,당첨되고싶은데,"당첨되고싶은데 후기잘쓰는법을모르겠어요일단  짱입니다  시간순삭 잠시 속세를 잊은기분,다들많이보러오세요",2022.12.12
331,드림,5,추천이요!!!!!!,추천이요!!!!!!,2022.12.12
332,드림,5,재밌었어요^__^,재밌었어요^__^,2022.12.12
333,드림,5,수준있ㄴ,전에  다른공연 본적있는데이번에   본공연은  정말 예술적은  공연이  많았어요공연 하시는 분들도  수줁급  이었고정말  추억에  남는건   제가  무대에  올라간행운  ㅎ ㅎ스트레스   다풀고   추억 만들고  왔답니다 다음에  토  다른팀들하고  갈꼬예요공연  하시는분  들  정말  멋지고  수고 많아었요  ㅎㅎ,2022.12.11
334,드림,5,정한샘 배우님 최고,귀엽고 멋지고 잘생기고 춤 잘 추고 다 해요,2022.12.10
335,드림,5,Wildwild 오세요,오세요~,2022.12.10
336,드림,5,시간 순삭 퍼포먼뜨..강청광 배우 왕크왕긔,와일드 와일드 왜 나만 이제 알앗는고...왜 나만 처음 본고...ㅜㅜ 강청광 배우 보러감요...왕크왕긔 왕섹쉬..모든 배우들의 열정과 노력에 박수. 널리널리 알려지고...단체 공연 강추.  강청광. 강하니. (부케 홀란도상그) 흥하세여~~~,2022.12.09
337,드림,5,Great!,It's so much fun! Such a vibe :),2022.12.09
338,드림,5,Amazing!!!,Always a great show!,2022.12.09
339,드림,5,화끈 그 자체!!,오랜만에 눈에 힐링이 되는 시간이었어요!!!재관람 도장 쾅쾅!!,2022.12.09
340,드림,5,연말에 보기 좋아요,시간이 금방 갑니다,2022.12.09
341,드림,5,재밌어요,친구한테도 추천했어요,2022.12.09
342,드림,5,장난,장난아니네요 진짜 몸도 다들 이쁘게 만드시구춤도 오매오매 저 진짜 ㅈ...릴뻔 ㅎㅎㅎ너무 감사합니다 이런 멋진 공연 만들어주셔서,2022.12.08
343,드림,5,울어매생신기념 첫관람!!!,12/7 이날이 울엄니 생신기념으로 첫 관람 했는데요앞에서 두번째 자리로 보게 되었는데...저는 심장을 부여잡고 넋을 잃고 봤습니다공연 끝날때마다  아후... 숨도 제대로 못쉬고 ㅋㅋㅋ엄마보다 제가 더 즐겼던거 같아요 ㅋㅋㅋ다들 넘 멋있고 매력도 넘치시고근데 전 줄타는 분 동희 배우님 진짜 감탄을 감탄을... 대단해요 진심 반함또 조기예매로 보고싶네요 진짜 한번만 보는 사람은 없을듯 해요 ㅋㅋㅋ정말 꿈만 같았던 시간이였습니다,2022.12.08
344,드림,5,내년에 또 보러갈꺼임,보는 내내 입꼬리가 절로 올라감 시즌 2 한다면 보러갈 의향있으,2022.12.08
345,드림,3,생각보다,생각보다 퀄리티 아쉽네요원래 춤을 추는 분들은 아닌 것 같고몸 만드는데는 많은 고생을 하셨겠지만공연 질적인 면 보다는 그냥 선정적인데만 초점을 맞춘듯..,2022.12.07
346,드림,5,재밌어요,즐겁고 재밌게 잘 봤습니다,2022.12.07
347,드림,5,역시,역시 와와입니당 너무 재밌어요,2022.12.07
348,드림,5,굳굳,재밌게 잘 봤습니다~!,2022.12.07
349,드림,4,와일드와일드,생각보다 핫하고 관람하는내내 웃음이 떠나지 않는 공연이네요~,2022.12.06
350,드림,5,100회 이벤트날 재밌었어요!,100회 이벤트날 재밌었어요! 이벤트 할인으로 친구들과 같이보았는데 다들 즐겁게 즐겼습니다^^!,2022.12.05
351,드림,4,추천추천!!,추천추천!!,2022.12.05
352,드림,5,여윽시....한번 본 사람은 또 보게 된다는,마성의.쇼...,2022.12.05
353,드림,5,예상보다 더 재밌었어요,보기전엔 좀 걱정하기도 했는데생각하던거보다 더 부담없이 재미있게 볼 수 있어서 좋았어요,2022.12.05
354,드림,5,일주일을 버티는 힘,일주일 잘 보태겠습니다. 다들 또만나요...,2022.12.05
355,드림,4,"잊지못할 경험, but 아쉬웠던..",한 번 정도는 추천하는 공연! 단순 스트립쇼라고 생각하면 안될듯.  안무나 구성을 좀더 다양하고 스토리 흐름이 보였으면 더 좋지 않았을까 하는 생각.,2022.12.04
356,드림,5,감사함니다… 진심으로…,인생에서 가장 행복한 순간 이었어요,2022.12.04
357,드림,5,이맛에... 돈번다...,"예비신부인 친구한테 재밌는 경험을 시켜주려고 데려갔는데 제가 더 즐기고 왔어요^_ㅠ!! 무엇보다 70분동안 배우님들 공연 퀄리티 장난아니에요.보면서ㅋㅋㅋ 눈으로 담고, 마음에 가뒀어요. 소리 하도질러서 목 나가고, 박수 하도 쳐서 손바닥이 아직도 뜨겁네요.같이간 친구들도 재관람할땐 더 즐겨야지 라고 다짐했어요ㅋㅋㅋ 아 그리고 공연 꿀팁을 얼려드리자면 열기로 후끈하니까 두껍거나 더운 상의는 피하시는게 좋아요. 땀나요ㅋㅋㅋㅋ 하의도 치마보단 바지 선호^^",2022.12.03
358,드림,5,제가 왜 이걸 이제서야 봤을까요???,"긴 말 필요 없을것 같네요..그저 은혜받았습니다..또 갈겁니다,,너무 행복했어요",2022.12.03
359,드림,5,1월 공연도 예매했어요,오늘 또 1월 공연 예매했습니다.  한 번도 안간 사람은 있어도 한 번 보게되면 계속 회전돈다는 이 공연!!!  다들 예매하세요!!!,2022.12.02
360,드림,5,재밌었어요 ~! ,친구와 연말에 특별한 공연 즐기고 왔네요 재밌었습니다 ~^^,2022.12.02
361,드림,5,세상에~ 와일드와일드!!!!,첨엔 부끄러웠지만~~ 무대 장악 댄스와 배우들의 공연에푹 빠져버려 응원했네요^^멋져요~~~,2022.12.02
362,드림,5,이 재밌는걸 여태 자기들끼리만 보다니,분하다 하지만 나도 이제 많이 볼거에요,2022.12.01
363,드림,5,재관람 조아오,재관람할인 왜있지 싶었나 생각했던 내가 바보,2022.12.01
364,드림,5,출근이 기다려지는하루^^♥?,"공연보는날 아침은 출근도 설레여요 호호 시간도 빨리가고,칼퇴하려고 업무속도도 업…!오빠들 항상 닭가슴살먹고운동열심히 해줘서 감동이에요????근육에 박수를 보내요사랑해요^^사홍오빠 제로투가 아른거려요앵콜해주세요!!!",2022.12.01
365,드림,5,모르는 눈 사요,엉엉 돌려내줘염 ㅜㅜ 모르고 살았다면 공연 끝나고 릴스에서 방황하지 않았을텐데...,2022.12.01
366,드림,5,정말 감동이었습니다 : ),정말 감동이었습니다 : ),2022.12.01
367,드림,5,정말 감동이었습니다 : ),정말 감동이었습니다 : ),2022.12.01
368,드림,5,정말 감동이었습니다 : ),정말 감동이었습니다 : ),2022.12.01
369,드림,5,정말 감동이었습니다 : ),정말 감동이었습니다 : ),2022.12.01
370,드림,5,정말 감동이었습니다 : ),정말 감동이었습니다 : ),2022.12.01
371,드림,5,정말 감동이었습니다 : ),정말 감동이었습니다 : ),2022.12.01
372,드림,5,정말 감동이었습니다 : ),정말 감동이었습니다 : ),2022.12.01
373,드림,5,정말 감동이었습니다 : ),정말 감동이었습니다 : ),2022.12.01
374,드림,5,정말 감동이었습니다 : ),정말 감동이었습니다 : ),2022.12.01
375,드림,5,정말 감동이었습니다 : ),정말 감동이었습니다 : ),2022.12.01
376,드림,5,정말 감동이었습니다 : ),정말 감동이었습니다 : ),2022.12.01
377,드림,5,정말 감동이었습니다 : ),정말 감동이었습니다 : ),2022.12.01
378,드림,5,정말 감동이었습니다 : ),정말 감동이었습니다 : ),2022.12.01
379,드림,5,정말 감동이었습니다 : ),정말 감동이었습니다 : ),2022.12.01
380,드림,5,정말 감동이었습니다 : ),정말 감동이었습니다 : ),2022.12.01
381,드림,5,정말 감동이었습니다 : ),정말 감동이었습니다 : ),2022.12.01
382,드림,5,정말 감동이었습니다 : ),정말 감동이었습니다 : ),2022.12.01
383,드림,5,정말 감동이었습니다 : ),정말 감동이었습니다 : ),2022.12.01
384,드림,5,정말 감동이었습니다 : ),정말 감동이었습니다 : ),2022.12.01
385,드림,5,정말 감동이었습니다 : ),정말 감동이었습니다 : ),2022.12.01
386,드림,5,정말 감동이었습니다 : ),정말 감동이었습니다 : ),2022.12.01
387,드림,5,재밌어요!,기대안하고 갔는데 너무 재밌게 봤습니다. 75분이 순삭으로 지나갔어요.,2022.12.01
388,드림,5,볼 때 마다 신나고 짜릿한 공연,볼 때 마다 신나고 짜릿한 공연  이 맛에 회전돕니다!  다들 와일드와일드 보러 오세요!!!,2022.11.30
389,드림,2,돈아까워요,걍 할말이없어요..인스타광고 팬들 후기에 낚임,2022.11.29
390,드림,4,또보고싶어요!!,또 보고싶어지는 공연이네요! 연말할인이 5인 있었던거같은데  3~4명모임 할인도 있었으면 좋겠어요ㅠㅠ,2022.11.29
391,드림,5,세상에 마상에..나의 첫경험♡,지인 소개로 공연관람하게 되었는대 처음에는 너무 낯설어서 눈가리고 꺅꺅대다 어느새 물들어버리는 마성의 공연임!!☆☆☆ 한번보면 또보고싶게 만드는 한번만 보면 아쉬운 멋지고 신나는 공연!! 올해가기전에 또 갈께요~^^,2022.11.28
392,드림,5,새로운 경험이었어요!,친구랑 같이 갔는데 둘 다 입을 다물지 못했습니다ㅋㅋㅋㅋ 재밌었어요!!,2022.11.28
393,드림,5,재밌어용,여성분들이라면 한 번쯤은 꼭 보길 추천하는 공연입니다. 배우들이 다 잘해서 볼 맛 나요~~,2022.11.28
394,드림,5,자매끼리 보고왔어요 재밌어요!!,자매끼리 보고왔어요 재밌어요!!,2022.11.28
395,드림,4,추천해요^^,추천합니다!!!!!!,2022.11.28
396,드림,4,재밌었어요,연말 단체할인 또 안하나요,2022.11.28
397,드림,4,잘봤습니다^_^,잘봤습니다^_^!!!!,2022.11.28
398,드림,5,꼭봐야하는 극,인간의 욕망.욕정. 그잡채... 너무 좋아... 재밋어.. 흥미로와...,2022.11.28
399,드림,5,한번쯤 봐도 괜찮은ㅋ,무조건 야한 공연이 아니라서 좋았어요,2022.11.27
400,드림,5,아니,너무 아쉽네요. 또보러 와야지>.< 박수 치다가 손 아파서 멈출라고 하면 박수 치게 만들어 이 남성들,2022.11.26
401,드림,5,재밌게 보고있습니다! 다만 이거 하나는...,"요즘 관객들의 의견을 수용하여 조명부터 이것저것 수정해주셔서 정말 재밌게 즐기고있습니다:)다만 요즘 초대석으로 빠진 자리가 너무많아서 현장예매를 하려해도 예매할만한 자리가 없어서 한참 고민하다가 시야방해석을 예매한게 한두번이 아니네요...특히 10열같은경우는 배우님들이 유튜브에서 추천한다고 말씀하셨던 자리고 회전러들도 많이 가는데 거길 초대로 빼는건 조금 아쉬워요.. 물론 객석이 많이차면 호응도좋고 배우님들도 힘이나시니까 좋은건 압니다. 그러니 평소에 예매가 잘 안되는 자리들이나,뒤쪽 알석을 초대석으로 빼면 현장예매하는 사람들도 선택권이 많아져서 좋고, 초대권으로인해 객석도 많이 차니 좋을 것 같아요",2022.11.26
402,드림,5,이럴수가...,친구와 함께 갔다왔는데.... 저 왜 이제 갔죠.... 제 옆분은 다 외우고 계셔서 완전 즐기시더라구요ㅋㅋㅋ다음에는 다른친구랑 가려구 예매완료했어요ㅋㅋㅋ,2022.11.26
403,드림,5,흐 조타 조아...,왜 첨에 쑥쓰러워했는지 모르겠네배우님들 다 멋시네요이유는 알 수 없지만 다이어트 결심이 저절로 생기는 효과까지 ㅋㅋㅋ 최고다,2022.11.25
404,드림,5,쑥쓰러움으로 시작했다가 신남으로 끝난 공연,19금 여성전용 퍼포먼스 뮤지컬이라는 말만 듣고 처음 갈땐 낯간지럽고 쑥쓰럽고 특히 I성향 사람들에겐 쉽게 다가갈수 없는 공연같았지만공연을 보고 있을수록 정말 신나고 재밌고특히 정말 멋진 퍼포먼스들이 많아요!!공중에서 펼쳐지는 퍼포먼스도 최고!난타 공연도 정말 최고에요!!다들 무대매너도 너무 좋으시고진짜 배우분들 열정이 느껴져서 감동받았어요부담없이 다들 공연보러가세여 제발!! 그냥 배우분들이 상의 탈의를 하고 공연할뿐이에요 ㅋㅋㅋㅋ,2022.11.25
405,드림,2,다 좋은데,공연도 재밌게 보고 있고 배우들도 멋지고 귀엽고 잘하는데요. 또 예매할려고 봤더니 이미 초대권으로 만석이네요. 회전러들도 챙겨주셔야 하는거 아닐까 싶어요. 물론 직접 예매하신 분들도 계시겠지만 막상 가보면 죄다 초대권들 ㅠ 보유석+초대권인 좌석은 따로 지정 되어있는 걸로 아는데 요즘에는 그 자리 외에도 초대권으로 풀어서 예매할 수가 없네요... 유료 예매가 아니라 초대석으로 인한 자리선점으로 더이상 예매할 수가 없다는 점이 아쉽습니다. 객석이 가득차면 공연도 활기차고 호응도 신나고 그러는건 맞겠지만 요즘들어 너~무 잦다고 생각 드네요,2022.11.25
406,드림,5,찰나의 순간,"찰나 같다 찰란했던 그 75분, 가을 전어 같구요, 치킨에 맥주 같아요 왜 N차 관람하시는지 충분히 깊게 공감했습니다. 적게 일하고 많이 버세요들",2022.11.24
407,드림,4,공연관람은 기대이상,사실 기대안하고갔었는데. 퍼포먼스가 생각보다 여러가지라서 예술적이라고 생각들었습니다. 무용하시는분들 공연이 인상깊네요 별하나 깎은이유는 핸드폰촬영하지도않았는데. 카메라킨것도아니고..카톡와서 한번 열었는데 진행도우미 분께서 손으로 촬영하시면안된다고 핸드폰쥐고있는 제손을 끌어저지하셨어요 굉장히 불쾌했네요. 그냥 말씀만하셔도 되는데 터치하시는게 진짜 짜증났어요. 밀어넣어버리더라구요. 나오려다가 돈아까워서 봤어요,2022.11.24
408,드림,5,팬서비스가 좋은 공연!,사실 처음에는 잘 못즐겼는데 이후에 시간지나면서 누구보다 행복해하는 제 자신을 발견했습니다…배우분들이 돌아다니시면서 손도 잡아주시고~~눈도 마주쳐주시고~~ 다음에 또 가고싶네요 정말!,2022.11.24
409,드림,4,와일드와일드 후기..,"공연 75분이었는데 마치 15분밖에 안한것처럼 시간이 빠르게 흘렀고,, 구성과 춤,, 다 좋았습니다. 아쉬웠던건 자기가 중간 좌석이라 아쉬웠어요.. 앞쪽, 끝쪽 자리 사수하세요 다들..",2022.11.23
410,드림,5,화끈한 오빠들 아니 배우님들!!!,랩댄스 뽑을 때 사회보시는 배우님 정말 애정합니다 목소리 너무 좋으심!!! ㅋㅋㅋㅋ저도 모르게 오빠를 외치고 싶은!!공연 너무 잘하시고 무대매너 진짜 장난 없고진짜 최고,2022.11.23
411,드림,5,재밌었어요,또 보고싶을만큼 재미있었어요,2022.11.22
412,드림,5,준배우님은 언제 출연하시나요?,깔끔하면서도 꽉찬 무대와 여성관객으 니즈를 충족시키는 섬세한 연출에 늘 감탄하면서 nn차 관극 중입니다. 매 공연마다 최선을 다해 퍼포먼스를 펼치시고 관객들과 진심으로 소통하는 배우분들과 보이지않는 곳에서 가장 수고하시는 프로듀서님 및 연출진 분들께 아낌없는 박수를 보내고 싶어요. 이 좋은 공연을 저 혼자 보기는 너무나 아쉬워 주변에 열심히 추천 중인데 모두들 출연진 연령대가 아쉽다며 막내 준배우님이 나오시면 보러올 생각이 있으시다네요. 제가 12월에는 나온다고 확답드렸는데 올해가 가기전에 꼭 준배우님 뵐수 있었으면 좋겠어요.뭐 무대가 서투르시더라도 그것이 바로 신입의 신선한 매력아니겠어요? 무엇보다 저를 비롯해서 많은 분들이 준배우님을 기다리는 걸로 아는데... 항상 피드백을 적극적으로 수용하시는 제작진분이시니 믿고 기다리도록 하겠습니다. 감사합니다.,2022.11.21
413,드림,5,이런재미 ~,동네 아줌마 모임에서 단체로 ㅋㅋㅋ  서울 나들이 갔어요  생각했던거 보다 즐겁게 노래도 신나고 암튼 잘 보고 잘놀다왔습니다~ 다음엔 다른자리로 재구매하자고 난리 난리 ㅋㅋㅋ,2022.11.21
414,드림,5,출연진들 다 나오시는거 맞죠?,오픈부터 달렸는데 캐스트분들 다 멋지세요!재관람하다보니 캐스트 구성이 달라서 똑같은 공연이지만 느낌이 다 다르네요.근데 그 제일 어리다는준 그 배우는 아직 못봤어요.남은 기간에는 볼수있을까요?언제나 다양하고 열정적인 공연 감사합니다!,2022.11.21
415,드림,5,재밌었어요,궁금해서 보러갔는데 기대 이상이었습니다,2022.11.21
416,드림,5,중독이에용,공연에 중독은 물론 출연 배우님들한테도 중독~~ 매일 공연장에 출석 해야겠어요,2022.11.21
417,드림,4,맨날 가고싶다,진짜 여성들을 위함이 뭔지 아는 최고의 공연~!,2022.11.21
418,드림,4,짱이에요,이런 공연 알게 되어서 너무 행복합니다~,2022.11.21
419,드림,5,너무 재밌었어요!!!!!,너무 재밌었어요!!!!!,2022.11.21
420,드림,5,와일드 와일드 드림!,너무 재밌고 신나서 친구랑 한번 더 가려구요!,2022.11.21
421,드림,5,우와,와아아ㅏ,2022.11.21
422,드림,5,좋네요,정말로,2022.11.21
423,드림,5,힐링타임~,친언니랑 둘이 보게됬는데 너무너무 충격!!! 올해 들어 젤 신났었고 젤 많이 웃었던 시간이었어요~ 언니는 무대도 올라갔었는데 그거땜에 더 웃었네요 ㅎㅎ 너무너무 즐겁고 행복한 시간이었어요~ 배우 박도경님 너무 멋있었어요~~~~꺅~~ 다음에 또 기회되면 더 즐기면서 볼수 있을거같아요 ㅎㅎㅎㅎ 이번은 넘 수줍은척을 해버렸네요 ㅋㅋ,2022.11.20
424,드림,5,두번째 관람,저날은 다른 친구랑 보고 왔어요ㅎㅎ네 다음엔 혼자 보러 가려구요 ㅎㅎ보고나면 좀 행복해져요 ㅎㅎ,2022.11.20
425,드림,4,처음 봤는데 와아아악,같이 간 친구는 힘들어 했지만나와서는 너무 좋아했어요 ㅋㅋㅋ저는 꼭 또 보러 갈거에요!,2022.11.20
426,드림,5,너무 보고싶었던 공연,다음에는 가위바위보 꼭 이기고 말테다 ㅠ좋은 기억 남게 해주신 배우님 감사합니다또 보러 올께요~~~♡,2022.11.20
427,드림,3,즐거웠습니다,출연진을 미리 알수 있었으면 좋을 것 같아요...,2022.11.20
428,드림,5,미쳤어 또 보고싶,흥미 진진,2022.11.20
429,드림,5,최고의 생일선물,나에게 주는 생선으로 공연봤습니다 선택하길 잘 한 것 같아요 요즘 일이 너무 고되서 힘들었는데 배우님은 건강한 에너지 받고 힘난 것 같습니다 고맙습니다!,2022.11.20
430,드림,5,친구가 예매해줘서 보고 이번엔 제가 예매해서 보는데 존잼,보고 또보고! 존잼입니당 엔돌핀 쏴악~,2022.11.18
431,드림,5,별점주러 들어왔습니다!!!,회전러 별점 주러 들어왔습니다!!!  최고!,2022.11.17
432,드림,5,왜 별점 다섯개밖에 못주는건지,처음으로 별점 5점이 너무 적다고 느꼈습니다.진촤..대박 공연.. 나 또갈래애애애야야ㅑ야야야애애,2022.11.17
433,드림,5,한 번이 어렵지 두 번 세 번...회전은 쉽습니다ㅋㅋ,한 번이 어렵지 두 번 세 번...회전은 쉽습니다ㅋㅋ  중독성있는 공연 와일드와일드   아직 안보셨으면 꼭 보러오세요,2022.11.14
434,드림,5,재밌어요!!!!!!!!!!,재밌어요!!!!!!!!!!,2022.11.14
435,드림,5,마스크 써서 다행,나도 모르게 입 벌리고 보고 있어서ㅋㅋㅋㅋㅋㅋㅋ 마스크 써서 정말 다행이란 생각이ㅋㅋㅋㅋㅋ,2022.11.14
436,드림,5,너무 재밌어요!,내목소리 돌려줘 ㅎㅎㅎ,2022.11.14
437,드림,5,행복한 시간이었어요,최고의 공연 감사합니다!!,2022.11.14
438,드림,5,행복한 시간이었습니다!,천일배우님 또 뵈어요^^,2022.11.14
439,드림,5,재밌어요,추천합니다,2022.11.14
440,드림,5,"새로운 공연, 멋진 시간이었습니다 !!","친구들이 보고싶어해서 모임통장 털어 예매했습니다! 타지방에서 올라온 친구들과 정말 오랜만에 함께 문화생활을 하자! 하고 보게되었습니다. 비교적 티켓관리부터 관객관리까지 전체적인 흐름도 잘 되는 느낌이었어요! 새롭고 멋진 공연이었고, 무엇보다 프로정신으로 자기관리를 해오셨을 배우분들이 정말 멋지고 존경스러웠어요! 여러가지 테마와, 짜임새있는 구성 그리고 목표지점이 확실한 ㅋㅋㅋㅋ 퍼포먼스들까지 너무 즐거웠습니다! 좋은 시간 보낼 수 있어서 좋았고 또 다른 기회로 갈 수 있으면 좋겠습니다! 제대로 안보고 중간좌석으로 예매했다고 친구들에게 혼났어요 ㅋㅋㅋㅋ다음부턴 무조건 관객참여가 가능할 자리에 예매하라고.. ㅋㅋㅋㅋ 또 좋은 순간에 가서 재관람할게요! 강력추천입니다!!",2022.11.13
441,드림,5,시간 가는줄 몰랐어요...,너무 황홀한 시간 이였어요왜 2번 3번 보는지 알겠어요또 보러 올게요 !!와일드와일드 너무 감사해요^^,2022.11.13
442,드림,5,Great ??,This is such a fun show. Me and my friends enjoy it so much.,2022.11.13
443,드림,5,Amazing!,This show is always so much fun and incredibly entertaining! It''s a great time with various themes. Highly recommend!,2022.11.13
444,드림,5,아직도 안보신 분들은 당장 예매하세요...,"제가 왜 이제 이걸 봤는지 ㅠㅠ 이제야 알았는지 너무 후회되고 이제라도 알아서 너무 다행입니다 ㅠㅠ처음엔 이정도라고? 하면서 깜짝 놀랐는데 나중에는 제가 더 즐기고있더라구요 ㅎ_ㅎ 그리고 배우님들 정말 대단하셔요... 배우님들의 노력과 열정이 공연보는 내내 느껴졌습니다 ㅠㅠ 다음에 또 보러갈 생각이고,, 주위 지인들한테도 추천하고 있어요 ㅠㅠ 와일드와일드 흥해라ㅏ!!!!",2022.11.13
445,드림,5,코로나 이김,"코로나로 꽉막혔던 삶..예신으로 묶여가던 내미래..오늘 다찢었습니다모든 출연진, 연출자분들 정말 감사합니다 재관람 각 보는중..오늘 너무 행복했어요 ??",2022.11.12
446,드림,5,많이 보러오세요,복권주세요 당첨되고싶어요,2022.11.12
447,드림,4,공연은 너무 좋았는데 관리가 좀 안되서 아쉽네요,"공연은 몇번을 봐도 좋을정도로 5점! 너무 좋은데 포토타임 진행하는데 앉은좌석이 사진찍고 퇴장로라며 다른자리로 옮겨달래서 옮겼는데 사진찍고 내려온 사람들이 그 자리에 앉으면 비킨 저는 뭐가 되죠? 처음에 비워달라고 했을때도 사전에 얘기들은거 없는데도 요청하셔서 비워드렸는데..  그러면 적어도 그 뒤에 그 자리를 계속 관리해주셔야지요.. 내돈내산 공연보는데 이렇게 기분나쁘고 싶진않아요. 사진빨리찍고 내리는것도 중요하지만 내려간사람 관리, 그리고 포토티켓 없어서 사진 못찍는 사람 배려해서 관리 제대로 해주세요. 아쉬워서 4점 드려요",2022.11.11
448,드림,5,꽉막힌 인생에서 나의 한줄기 빛과같은 존재..,정말… 첫 20살이 되고 나서 저에겐 술만 합법적으로 마실 수 있는 미성년자같다고 생각해온 인생에서 갑자기 박치고 들어온게 바로 이 공연이였습니다 정말 기대 이상이였고요 반수가끝나고 지쳤던 세월이 다 씻겨흘려내려가는 기분이였습니다 중간중간에 정말 O.O가 될법한 그러한 장면들을 보고.. 아 이게..어른의 맛..? 이라는 생각밖에 안들더라고요 진짜 개재밌음 제가 들었던 말들이있는데 행복은 멀리있지 않다 가까이있다 라는 말을 들었는데 여러분 진짜 행복은 멀리있지않아요. 역시 돈을 쓰면 추억과 행복이 생긴다더니 정말이더라고요 성인이 되니 보는 눈과 시야와 세상이 정말 넓고… 되게 짜릿한 경험이였던것 같아요 진짜 그 다양한 근육들과… 정말 배우분들 대단하신것 같아요 그런 몸 처음봤거든요 너무 멋있어요 진짜 올해 2022 20살 지나가기전에 성인의 맛을 지대로 한번 봐보자!!!하고 본건대 이미 한번 겪어본 이상 절대 끊지 못할듯요ㅋ 이거 오래공연해주세요 돈 얼마든지 갖다받칠테니. 이 공연을 보고 세상의 진리를 깨달았습니다,2022.11.11
449,드림,5,행복은 돈으로 살 수 있었네요..,이런 공연이 있다는걸 모르고 살았는데 손해본것같아요.. 제가 술담배를 안해서 대학다니는것 말고는 딱히 성인이 된 걸 실감하지 못했는데 이 공연을 보고 난 이후에는 제가 지금 성인이라 다행이라는 생각이 들었습니다ㅠㅠ 하.. 보기전까지만 해도 한번만 볼 생각이었는데 무대가 시작되고나서 같이 온 친구랑 다음엔 언제올거냐고 귓속말로 약속잡았어욬ㅋㅋㅋㅋ 배우님들 코어 대단하시고.. 너무너무 좋네요.. 네.. 다들 고민하지 마시고 예매하세요. 행복을 돈으로 살 수 없다는건 다 거짓말입니다 제가 직접 행복을 사봐서 하는말입니다..,2022.11.11
450,드림,5,신나고 즐거웠어요!,생각보다 앞자리여서 깜놀했어요!!신나고 즐겁게 잘봤어요.일요일 낮이라 관객이 없어 열심히 준비하신분들께 조금 민망 ~;  ㅋ~;,2022.11.11
451,드림,5,재밌어요,재밌게 잘 봤습니다,2022.11.10
452,드림,5,날이갈수록 더 멋있어지는 배우님들 최고,날이갈수록 더 멋있어지는 배우님들 최고에요   아직 조명은 들쭉날쭉하지만ㅠㅠ 그래도 계속해서 더 좋아지고 있네요!!!,2022.11.10
453,드림,5,첫 관람 후기 입니다…..^^,https://m.blog.naver.com/hihihaha02/222924669904삶에 자극이 필요하신분등 추천드립니다,2022.11.09
454,드림,5,오.. 혼자가도 신나서 광대승천,"네 처음에는 혼자 부끄럽게 얌전히 소소하게 있다가 오빠들 제복부터였는가 ,, 내적 친밀감이 쌓이고 행복 ,,오빠들이 아닐수있지만 멋지면 오빠지 또 갈거에요 진짜루,, 후 아직도 설레요 ^-^",2022.11.09
455,드림,5,12월 공연도 예매완료!,와일드와일드 너무 재밌어서 어제 12월 티켓 오픈 할 때 또 예매했어요!  12월 공연도 기대하겠습니다!!! 꺄아,2022.11.09
456,드림,5,최고,배우님들 터치석 몇열앉아야합니까 ㅋㅋㅋㅋ터치석으로 예약해야겠습니다,2022.11.07
457,드림,5,최고였어요!! 바람이있다면..,너무 재밌었습니다ㅜㅜㅜ청바지랑 난타 제일 멋있어요!!!! 바람이있다면 이벤트로 커튼콜데이 한번만 더 주실수.. 영상들 장면으로 주변친구들이 관심을 많이 갖네요^^!,2022.11.07
458,드림,5,22년 최고의 공연,말이 필요 없습니다. 그냥 가서 보세요!올 한해 제일 많이 웃고 소리 질렀던 날,2022.11.07
459,드림,5,재미있었어요,화이팅,2022.11.07
460,드림,4,행복합니다,즐거운 시간이엇어요!!,2022.11.07
461,드림,2,생각보단 안야해용ㄱㅋㅋ,딱 20대초반 친구들이 친구들끼리보러가면 좋을만한공연 생각보다 19금도 아니고 혼자가면 다소 머쓱할수있어요,2022.11.06
462,드림,5,볼 때 마다 즐겁다,이번 시즌 여러번 관람 중입니다.  어쩜 이렇게 볼 때 마다 재밌을까요!!!,2022.11.03
463,드림,5,친구 추천으로 보게 된!,공연 관람 전에 후기 찾아보면서 어떤 공연인지정도만 알고 갔었는데 후기 그 이상입니당^_^엄마 모시고 한번 더 보러가고 싶어요ㅋㅋㅋ,2022.10.31
464,드림,5,배우님들 너무멋있고 잘생겼어요~!!!,공연보는걸 좋아하는데 이렇게 와일드와일드 라는 공연을볼 기회가 생겨서 너무 좋았어요~!!배우님들이 보여주는 퍼포먼스들은 연습을 얼마나 준비를 많이 해오셨구나  너무 잘 보였습니다거기다 배우님들 다 너무 잘생기고 멋있어요ㅠㅠ여러가지 퍼포먼스가 있지만 난타 진짜 조명이랑 어우러져서 뒷쪽에 물도 튀고 너무 멋졌어요커튼콜때는 다 같이 뛰면서 신나게 즐기고 무대뿐만 아니라 객석에도 한번씩 내려와서 관객들 잡고 춤도 춰주고 손도 잡아주시고 너무 좋았고 재미있어요~또 보게되면 가까이 보는게 좋으면 앞쪽 중앙이 제일 좋은거 같아요 5열까지멋지고 즐겁고 신나게 놀 여성들만의 쇼!!!!즐기고 싶으시면 꼭꼭 보세요~~,2022.10.31
465,드림,4,시즌2는 더 귀엽고 다채로워졌네요,배우님들의 연기 실력이 더 업그레이드 되신거같아요 덩달아 기분 좋아져서 재밌게 즐기고왔어요!!,2022.10.31
466,드림,5,짱재밌고 광대올라가는 공연!!!!!!!!!!!,짱재밌고 광대올라가는 공연!!!!!!!!!!!,2022.10.31
467,드림,5,에너지넘치는 공연!,최고였습니다!!,2022.10.31
468,드림,5,1만 포인트 받고 싶어요,제발요 좀 주세요... 김사홍 최고 김사홍 최고 김사홍 최고....,2022.10.31
469,드림,4,한번도 안 본 사람은있어도 한번만 본사람은 없다...,진짜 최고예요 미남이.. 몸도 좋아... 너무 좋아요...,2022.10.31
470,드림,5,와일드,재밌음,2022.10.31
471,드림,5,재밌어요,추천합니다,2022.10.31
472,드림,5,와일드와일드,재밌어요,2022.10.31
473,드림,5,너무 재밌게 보고 왔어요!,친구들이랑 함께 봤는데 진짜 다들 만족하고 너무 재밌었대요! 지방 사는 친구들도 회전문 돌 기세입니다!,2022.10.30
474,드림,5,꿈에서..깨어나기 싫다,"지루한 일상에.. 예매한 순간부터 기다려짐에 하루하루 빨리가고, 4시간을 달려 서울상경 공연 시작부터 끝날때까지 숨은 제대로 쉬고있었는지.. 박수는 얼마나 쳤는지 소리는 얼마나 질렀는지..이런거 어떻게 찾았냐며 거듭 감탄하는 친구에게 뿌듯함을 느끼며..많은 사람들에게 전파해야지..나는 매번 가야지 ㅎ여러분..그냥..고민말고 그냥보세요..",2022.10.30
475,드림,5,재관람했습니다~,배우님들마다 다른 매력이 있으셔서 캐스트 번갈아가며 보는 재미가있네요 배우님들의 귀엽고 남자답고 열정적인모습 여러분 헬창만이 미래입니다 항상 기받으러갔다가 기빨리고옴 또 보러 갈게요~!,2022.10.29
476,드림,3,여러모로 실망이 컸었는데 발전하는 와일드와일드,공연 두달차인 지금까지 발전하는 건 별로지만 꾸준히 개선하려는 노력은 멋있다고 생각합니다.,2022.10.28
477,드림,2,한달전보다는 좋아졌지만...,"처음 관람했을 때에 비해서는 조명, 안무 등 코어팬들의 피드백을 수렴하여 정정한 모습을 볼 수 있어서 좋았습니다만 여전히 샤워 가운을 가슴까지 올려 ''여성적인'' 교태를 부리는 씬은 왜 못 버린거죠? 남연출가께서 그리도 못 버리시는 장면인가요? 정말이지 촌스럽고 구태의연하고 불쾌해요. (뫄뫄 배우님만 저딴 연출 안 따라하셔서 그 분한테만 눈이 갔었음) 또한 60년대 중반- 70년대 중반 태생의 제작진분 정말 올드 그 잡채인 아재감성 음악은... 워...후...최근 발매되는 하우스 음악 랜덤 재생하시는 게 더 흥을 돋우지 않을까요. 배우님들의 열정과 노력은 역시나 박수갈채",2022.10.26
478,드림,5,ㅋㅋㅋ,재미있네요 ~,2022.10.26
479,드림,5,감사합니다 ,짜릿!!그자체   한번보고 두번 안본사람 없다지금  11월달거  예약 하러  갑니다 추신:만약에  무대위에  올라가는  행운이왔다!!  꼭  바지입어야 합니다  치마는  안돼요  이유는 비밀~♡♡   전  올라갔습니다 ㅎㅎㅎ,2022.10.26
480,드림,5,정말 와일드 와일드 하십니다!!!,짧다고 하면 길고 길다고 하면 짧은 시간내에 불태우고 있는 배우님들은 정말 대단합니다!! 또 보러 갈게요~^^,2022.10.26
481,드림,3,조명때문에 눈이 아파요,"시즌2들어서 계속 조명을 바꾸면서 좋은무대 연출을 하려고 애쓰시고 계시는거 잘 아는데요...25일 공연을 1열에서 본 경험으로 눈이 너무 아픕니다. 특정신에서는 빛때문에 눈을 뜨기도 힘들어요1.2열에서 봤을땐 난타중간에 배우들 무대쪽으로 왔을때, 마지막앵콜곡에서, 눈을 뜨기가 힘들고요난타 물나올때는 배우들 얼굴쪽이 너무 어두워서 배우들이 잘 안보입니다.그리고 10열에서 봤을땐 안개가 너무 자욱해서 무대를 화려하게 하는 효과는 있는것 같지만 배우님들 표정이 잘 안보여요. 전 나름 배우님들 표정을 보러가는 편이라서 전반적으로 배우님들 얼굴이 잘 안보여서 조금 그랬습니다. 특히 정장신 옷벗을때와 데빌내려왔을때 자꾸 암전이 깜빡깜빡해서 배우님들이 잘 안보였어요. 화려하게 조명하시려는 의도는 좋은데 배우님들은 좀 잘 보이게 해주셨으면 좋겠습니다",2022.10.26
482,드림,5,배우님들이 너무 잘생기고 몸이 최고,미스터쇼를 너무 좋아해서 와일드와일드도 너무 보고싶었는데 이렇게 기회가 되서 보게 되었어요배우님들이 보여주는 퍼포먼스들은 연습을 얼마나 했을지 너무 잘 보여주더라구요거기다 와 너무 잘생기고 멋지고ㅜ 미스터쇼 했던 배우님들도 있어서 내적 친밀감도 느껴졌어요여러가지 퍼포먼스가 있지만 난타 진짜 조명이랑 어우러져서 뒷쪽에 물도 튀고 너무 멋졌어요커튼콜때는 다 같이 뛰면서 신나게 즐기고 무대뿐만 아니라 객석에도 한번씩 내려와서 관객들 잡고 춤도 춰주고 10열 앞에 통로라 넓은데 여기서도 춤 추더라구요전체적으로 보기엔 뒷쪽이 좋고 가까이 보는게 좋으면 앞쪽 중앙이 제일 좋은거 같아요멋지고 즐거운 여성들만의 쇼를 즐기고 싶으면 꼭 보세요!,2022.10.26
483,드림,5,재관람 후기,"아는 언니랑 같이 봤어요. 이번에도 다채로운 수트를 입고 한 명씩 나오는데 이희중 배우님이 저를 향해 손을 짚어주셨어요~ 옆에서 언니랑 서로 나한테 해준 거라며 처음 싸웠습니당(?) ㅋㅋ ㅋ ㅋ ㅋ ㅋㅋ ㅋㅋ  초반에 &#8203;샤워신이 나오는데 실제로 욕조에 물을 틀어주시는데 그 물은 다 어디로 갈까 싶으면서도 야르ㅅ...하고 ㅋㅋㅋㅋ이런 생각을 하는 내가 밉고 흑 ㅋㅋㅋ괜찮아 여긴 즐기러 가는 곳이야&#128536;  와일드와일드 하면 멋진 줄타기 신을 빼놓을 수 없죠! 아래에 누워계시는 분 진짜 부러워요..  근데 이거 두 번째 보는 것임에도 불구하고 새로운 감동을 받았습니다. 언제쯤 이 감동에 익숙해질 수 있을까. 노래도 너무 좋아요~! 패러다이스 패러다이스 패러다이스~~ (인피니트 - 파라다이스 아님)  심지어 현대무용과 폴댄스도 있는데 정말 너무 멋져요 ㅠㅠ 단순히 야한 공연이 아니라 ""예술과 감동이 있는"" 공연이에요!!!&#129401; 매번 감동적이에요 ㅠㅠ 배우분들 체력소모가 엄청나실 것 같은데도 매번 좋은 공연 보여주십니다&#129392; 이번 주 토요일에 또 보러 갈게용^0^",2022.10.26
484,드림,5,재밌었어요 ㅎㅎ,동생과 나는 이 공연을 보러 가기 전부터 걱정이 참 많았다. 분명 심리적 타격을 받을 건 알고 갔지만 막상 공연이 시작되니 빠른 비트에 심장이 쿵쾅대고 배우들과의 잦은 만남(?)이라고 해야 하나.. 아주 부끄러웠다 ㅋㅋㅋㅋㅋ?처음에 아주 혼이 나갔지만 그래도 마지막까지 유쾌하고 재미있는 공연을 볼 수 있어서 즐거웠다 ㅎ 학생인지 아직 20대 초반인 것 같은데 계속 배우의 퍼포먼스 체험을 하고 싶어 해서 뽑혀 무대로 올라갔는데 막상 무대 위에서는 부끄러워하고 익살스러운 반응 때문에 귀여워서 굳어있던 분위기가 많이 살아났다.그리고 무슨 팬덤 같은 무리들이 있었는데 여러 번 공연을 보러 온 것이 티가 났다. 그분들의 호응 덕분에 낯선 문화에 얼어 있던 나 외의 다른 유교걸들이(ㅋㅋㅋ) 마지막까지 재밌게 공연을 관람할 수 있었다.전체적으로 유쾌하고 예술성도 놓치지 않고 멋있고 섹시하고 다 한 무대였다. 마지막 커튼콜 끝에 배우들이 지나가며 하이파이브를 하는데 손에 물집 터진 것처럼 굳은살이 잔뜩 있어 손이 거칠더라. 그들의 노력에 박수를 보내고 싶다. 여자들의 모든 환상을 모아놓은 것 같은 꿈같은 무대였다.일상이 지루하거나 자극이 필요하신 여성분께 새로운 세계를 선사해 줄 공연으로 추천한다.,2022.10.25
485,드림,5,요즘 내 삶의 낙,와일드 공연 보는게 요즘 삶의 낙입니다.  회전 가보자구요!,2022.10.24
486,드림,5,보고나면 콧노래를 흥얼흥얼~,와와 보구 나오면 콧노래를 흥얼흥얼 하지요~ 또 일주일 파워업되서 살아가지요~ 일주일의 행복 로또가 있다면~ 저에게 와와가 일주의 행복  로또 = 와와 같은 개념입니다~ ㅎㅎㅎ,2022.10.24
487,드림,5,진짜 최고였어요~,"칭구들 영업해서 데꼬 간 와일드 와일드~ 칭구들도 즐거워해서 데리고 간 보람이 있었어요~~ 커튼콜데이 이벤트도 있어서 더더욱 즐길수 있었고, 칭구들 영업은 제가 할테니 이벤트 많이많이 부탁드려요~~",2022.10.24
488,드림,5,엄청난 공연을 보고 왔네요,글로는 표현 못할 이 공연은 직접봐야 제 마음을 아실거 같아요 엄청난 공연을 보고 왔습니다,2022.10.24
489,드림,5,일주일의 피로회복제 같은 와일드 와일드♥,일주일 내내 일에 쪄들어 살다가 주말에 와일드와일드 보는 재미로 현생살고 있어요~ 저번주는 커튼콜데이 이벤트도 있어서 더더욱 잼났어요~ 앞으로도 이벤트도 많이 해주시고~ 저 다채로운 재미 부탁드려요~^^,2022.10.24
490,드림,4,와일드 와일드 드림,멋진 쇼 였습니다~! 잘봤어요~,2022.10.24
491,드림,5,멋지다 멋져,진짜 괜히 눈만 높아진 기분-그래도 현실에서 만날 수 없는 남자들 여기서 보는 것 만으로도 행복-!,2022.10.24
492,드림,4,재밌었어요,작년에 음..? 싶었던 것들이 많이 개선되어서 더 재밌었어요~,2022.10.24
493,드림,5,75분이 모자라!!,탄탄한 근육질 몸매와 섹시하고 다채로운 매력을 가진 8명의 완벽한 남자들의 바디퍼포먼스  환호하며 소리지르며 박수치다 보니 75분 공연이 너무 빠르게 흘러간다 너무 짧다!!!!!  &#8203;,2022.10.24
494,드림,4,초대권 관객관리해주세요,처음 오시니까 신나서 즐기시는거 좋아요. 하지만 박수와 환호가 아닌 개인멘트는 자제하셨음 좋겠어요. 그리고 제일 조심스러운 배우에게 터치하는거요 이미 공지사항에도 나와있지만 잘 안보시나봐요. 랩댄스에 오르신거 축하합니다. 하지만 먼저 막 배우에게 터치하는건 허락된적 없습니다. 일부 퍼포먼스로 배우가 관객에게 터치하는건 다 알고있고 동의했으니까 관극하겠죠?그런데 과연 관객이 먼저 터치하는거 배우도 동의하실지 의문입니다. 객석이 가득차야 분위기도 좋고 배우들도 힘내서 공연하겠죠?하지만 요근래 비매너관객들이 부쩍 늘은거같아 아쉽네요.초대권주실때 주의사항도 꼭!같이 주시길,2022.10.24
495,드림,5,오랜만에 재밌는 공연~,직접 참여도 가능하고열심히 박수도 치고 음악에 맞춰서 리듬도 타고친구랑 공연내내 재밌었어요~,2022.10.24
496,드림,5,너무재밌어요,역시 최고^^!,2022.10.24
497,드림,5,멋진 공연,여성분들에게 행복을 주는 멋진 공연이었습니다 ㅎㅎ,2022.10.23
498,드림,5,꿈같던 무대였어요.,즐거움 없던 하룻밤이 환상으로 변하는 매직이었요. 와일드해질 여성분들께 추천합니다!,2022.10.23
499,드림,1,중간에 뽑는건 팬클럽인가봐요 ㅋㅋ 기분 진짜 상해버림ㅋㅋ,"아끼는 동생 오랜만에 서울와서 좋은 구경 시켜 주겠다며 예매 했는데팬클럽? 으로 보이는 분들 처음엔 노래나 안무에 맞춰 아이돌 마냥 응원하고 호응하길래 n회차 관람객인줄 알았습니다.근데 이벤트마냥 무대에 오르는 관객 2명 뽑으 때Mc가 이유를 묻는데<한번도 안올라가봐서요> 했더니 올라감^^ 다들 한번도 안 올라가 본거 아닌가요? 그리고 그 다음분은해외에서 왔다고 했는데 위에 한번도 안올리가본 분 일행분들(5-6명쯤 되보임) 해줘라 ! 이렇게 소리질러서 올라가고요^^ 공연 끝나고 나가니, 두 무리가 일행이네요?ㅋㅋㅋ손에는 굿즈 하나씩 들고 계시고 ^^ 해외에서 온 분이랑 한 번도 안 올라간 분이랑 무대 안무or노래를 외우신 분들이 일행이라니 특정 배우분 나오면 세상 떠나가라 소리지르는데 한시간 넘게 귀가 아파서 기운 빠질 정도 였여요물론 응원이나 호응은 좋죠,근데 진짜 악을 악을 쓰시니 귀가 너무 아파서 머리까지 울리니 일행 아니었으면 중간에 나갈 뻔 했네요 엔딩 때도 그 분들 앞에서 트월킹 해주고 춤춰주고 ^^ 걍 팬클럽 장사 아닌가요? 같은 돈 내고 보는데 기분 너무 상했네요아, n회차 보면 더 할인되니 같은 돈은 아니고 제가 더 비싸게 주고 본건데ㅎ 아무튼 팬클럽 분들 덕에 기빨리고 기분 나쁜 공연이였어요 ^^ 그렇게들 티를 내셔야 하는지ㅎ",2022.10.23
500,드림,5,잘 봤어요~,친구들도 또 보고 싶다고 난리임 ㅋㅋ,2022.10.23
501,드림,5,와와드 후기,"공연 보기전 그리고 보면서 느낀거 하나배우분들 멋진거 다들 아시죠그런데 보러오신 여성분들도 하나같이 넘넘 섹시하고 세련되게 차려입으셨더라구요나이대는 물론 다양했지만 젊고 어린분들이 많이 눈에 띄셨구요남자친구와의 데이트에 멋지게 꾸미듯이 그렇게 하고 오셔서 (당연한가요)공연장 분위기도 업되고 참 좋았습니다그런 분들이 비명도 지르시고 흥을 돋구심ㅎ보기 좋더라구요?7년 정도 전에 본 미*터쇼는 엠씨분이 계셨는데 와와드는 배우분들이 직접 진행도 하셨어요소개하고 관객중 참여자를 선발하고 커튼콜 인사까지미*터쇼에서는 미*터들은 말 한마디도 안 하는데 와와드는 말도 하시고 애교 있는 손짓, 눈짓에 시종일관 활짝 웃어주시고섹시는 기본, 다들 귀여우셔서 친근감이 들었고 공연에 몰입도 잘 됐어요?다들 몸 좋은건 당연하고 게다가 하나같이 미남이세요 아이돌 수준우락부락한 상남자 스타일이 아니라(그런거 선호하시는 분도  있겠지만) 미소년입니다 얼굴이요 얼굴?뽑혀서 무대에 올라가고 싶은 분은 꼭 치마 입지 말고 바지 입고 가세요치마는 아예 안뽑아줘요그리고 랩댄스는 2분 뽑는데 지원자를 받아 그중에서 뽑으니 손 번쩍 드세요딸과 같이 온 모녀분께 기회 주시는것 같아요예비신부도 오셨는지 친구들이 옆에서 얘 뽑아달라고 난리였는데 안 되셨던게 제가 다 안타까움참고로 예비신부는 청첩장이나 집 계약서 들고가면 할인해 줍니다?관객참여신은 수위가 깜짝 놀랄 정도로 높은데 침대 올라가셔서 같이  줄타신 분 너무 부러웠고랩댄스도 잊지 못할 경험이 될것 같아요?",2022.10.23
502,드림,5,커튼콜데이 너무 좋아요,커튼콜데이 자주자주 해주셨으면 좋겠어요!!,2022.10.23
503,드림,5,오 마이 갓!,"샤워씬, 군무씬, 제복씬, 스트랩씬, 수트씬,난타 등 다양한 바디 퍼포먼스가 이어져서 넋을 잃고 보게 만들고 야성미 넘치는 빨래판 복근과 탄탄한 근육질의 몸에서 느껴지는 건강미는 희열을 느끼게 했어요",2022.10.23
504,드림,4,한번쯤은 볼만한 공연,공연이 19금이라길래 어떤 공연인지 궁금하기도 했고 이 공연으로 특정 배우님 팬심이 생기기도 하고 집이 서울이 아니라 수강신청한 것도 있어 겸사겸사 공연을 보러 갔는데........ 공연 중간에 성행위를 나타내는 그런 파트가 있어서 솔직히 기분이 썩.... 좋진 않았어요. 외국인들이 와서 관람하는 게 싫다는 게 아니라 외국 분이 옆자리에 우연찮게 앉았는데 환호를 너무 크게 해서 공연 막바지에는 진짜 귀청 떨어지는 줄 알았어요. 저는 와일드 가장자리였지만 와일드 와일드 존 자리 가격은 확실히 메리트가 있다고 보는데 자리와 공연 속 단차가 너무 심해 보여서 맨 앞자리 앉으면 목덜미 붙잡고 나갈 정도로 고개 들고 공연 관람해야 할 정도더라고요. 나중에 서울 올라갈 일이 있다면 음.... 글쎄요.... 한번 본 것 만으로도 전 만족합니다.,2022.10.23
505,드림,5,피곤이 물러가고 씐나는 시간,아후~~ 1열 관람 목 돌아가지만 바로 앞에서 더 씐나게 소리치게 되네요~ 잠을 못 자서 너무 피곤하고 기력업는 몸띵이를 이끌고 보러 간 보람이 느껴지는 나만의 소소한 행복이랍니다♡ 자리 바꿔 가며 계속 갈 예정임다 ㅋㅋㅋㅋㅋㅋ  오~~ 예에~~~~!!,2022.10.23
506,드림,5,일상이 지루하고 심장이 메말라진 여성들이여,바로 고고~!,2022.10.23
507,드림,5,심야공 보고왔습니다 다들 꼭 봐주세요,말이 필요할까요? 당신이 여자라면 반드시 한 번은 가봐야하는 공연 꼭 보러와주세요 제발요 부탁하는거에요,2022.10.22
508,드림,5,"이런 공연, 완전 감사합니다! 멋지고! 즐겁고! 신나고! 호응좋고! 관객참여 많아서 좋아요^^","여자들만, 만 19세 이상만 간다는, 핫하다는 그곳, 와일드 와일드 드림에 다녀왔습니다. 와일드하게 즐기고, 와일드하게 소리치라고 와일드 와일드 래요. 가기 전부터 컨디션이 뭔가 안좋았어요. 너무 떨었던것같아요. 난 몰라, 완전 기대하고 있나봨~ 들어가기 전에도 두근두근~ 공연 전부터 로비에서는 예쁜 우리들로 가득! 수근수근 웅성웅성 두근두근 기대기대 행복행복  떨리고 수줍었던 나는 어디, 기회될 때 모두함께 손을 번쩍, 저요저요, 간택되어 있는 내모습에 놀람도 잠시, 아, 글을 쓰는 지금도 행 to the 복. 두근두근. 컨디션이 다시 안좋아진거 같아요. 너무 좋아서요. 데헷~  오늘부터 보라색을 사랑하기로 했어요. 와일드 와일드 드림 이번 시즌 컬러는 무엇? 바로 보라색이니까요♡ 보라색으로 가득한, 반짝반짝 여성여성 너무 예쁜 로비.  거울 건너 티켓박스에서 예쁜 직원분들에게 신분증을 제시하고 티켓을 받습니다.  예쁜 우리들은 두근두근.  아, 치마 말고 바지 입고 오세요. 여러분에게 언제 기회가 찾아올지 모르니까요!  와일드 와일드 드림은 관객 참여가 많아서 좋았어요.  ... 음... 욕심같아서는 모두에게 참여할 기회를 줬으면...  우리 모두 솔직해지기로 해요. 손을 번쩍 번쩍 들어 기회를 잡읍시다. (근데 이런 얘기 안해도, 다들 열심히 참여... 나, 나도... 나도 모르게 그만ㅋ) 시작부터 분위기 엄청 좋았어요. 아니, 시작 전부터. 아니, 오늘 출발할 때부터. 아니, 여기 오기로 한 그 순간부터였던가. 어떤게 있냐고 묻는다면, 19금이니까 나열하면 안될것 같아요~  선(?)을 지켜 보자면, 춤씬, 제복씬, 난타, 스트랩(줄)씬 등이 있어요.  스트랩 씬은 완전 예술! 보면서 감탄했는데, 모든 배우분들이 할 수 있는걸까? 얼마나 연습했을까? 이것은 아트(ART)다! 많이 감탄했어요.  다른 관객참여형은 무대에 의자가 두 개 놓여있고 시작됩니다. 엠씨(MC)가 무대에서 인사를 한다? 열성적으로 참여해보세요! 당신에게 행운이 따르길! 제가 본 날은 류지한배우님이 엠씨였어요.  공연 시작부터 붐붐~ 둠칫둠칫~ 꺄~!! 붐붐~ 둠칫둠칫~ 꺄아~~♡♡ 분위기가 굉장히 좋았는데, 오는 분들이 또 오고, 또 오고 하는것 같아요. 아이, 이런, 이제 나도 거기 함께 합류해있겠네>u<   여자들이여, 꿈꾸라! 행복하라! Love Purple, Love Yourself, Enjoy My Life!",2022.10.22
509,드림,5,안본사람 없게해주세요 !,너무나 재밌음 ㅜㅜ 또보고싶어요 매일보규싶어요.. 흑 강력추천합니다,2022.10.22
510,드림,5,한번쯤 일탈 괜찮은 것같습니다 ,외설적인 부분도 있지만 전반적으로 만족스러웠습니다. 다양한 장르로 섹시 어필 하는 것도 좋았구오 같이 간 지인들이 열광하는 모습을 보니 더 흥이 나더라구요 ㅎㅎㅎ,2022.10.22
511,드림,5,랩댄스 엠씨로 바뀐거 좋은것같아요,"수요일 낮,밤을 봤는데 시즌1때 엠씨를 하지 않으셨던 배우님들이 하셔서 신선하고 재미도있었고, 의자랑 러그 세팅도 배우님들이 하셔서 좋았습니다. 기존씬이 없어진건 조금 아쉽지만, 이것도 배우와 관객이 소통하면서 무대를 만들어나가는 느낌이라 맘에들어요 서로 웃고 즐기는 분위기가 된것같습니다.",2022.10.21
512,드림,5,최근 바뀐 랩댄스 뽑는것에 대하여,"개인적으로 기존 랩댄스 뽑는 방식을 마음에 들어했던 사람으로서, 갑자기 뽑는방식이 바뀌었을때 솔직히 조금 당황스러웠습니다. 근데 다른분들 의견도 들어보면서 생각해봤더니 배우님들이 계속해서 거절당하면 시간상의 문제로 난처해하시고, 또 그동안 랩댄스 수위에 대한 말도 있었던게 떠오르더라구요. 그런점을 생각하면 바뀐게 오히려 나을수도 있겠다고 생각이 바뀌었습니다. 차라리 시즌1처럼 원하는 사람 뽑아가는게 관객입장에서도, 배우님들 입장에서도 더 나은것같아요. 러그 까는것도 바닥에 눕는 관객 배려하는것같아서 좋았습니다. 처음엔 그동안 마음에들었던씬이 없어져서 음???했는데 다른분들 말을 들어보니 제 생각이 조금 짧았던 것 같네요 이것도 시간지나면 적응되고 금방 즐길것같아요. 요즘 조명도 그렇고 관객이 더 즐길수있도록 이것저것 시도하시는것같아서 좋습니다.",2022.10.21
513,드림,5,배우님들 정말 애정합니다,진짜 힘든 하루하루 배우님들 공연 보고 힐링하고 돌아가요 정말 애정합니다 늘 감사드려요,2022.10.21
514,드림,5,관객이 지원하는 형태로 바뀐거 좋아요,"배우분들이 일일히 설명하고 거절당하고, 음악 끝나갈때쯤 되면 당황하시는게 보여서 안쓰러웠는데 참여의사 있는 분들만 손들면 되니까 흐름도 안끊기고 너무 좋네요^^의자랑 러그 세팅해주시는 배우분들 보는 재미도 쏠쏠합니다",2022.10.21
515,드림,5,두근두근 하면서 들어갔다가 흥에 듬뿍 취해서 나오는 공연,공연 보러 들어 갈 때에는 그저 두근두근하는 설렘과 기대감으로 가득차서 수줍게 박수로 시작하는데  후반부로 갈 수록 흥이 차올라서 끝엔 덥다며 부채질하면서 나옵니다ㅋㅋㅋㅋ  앞으로도 계속해서 좋은 공연 부탁드립니다,2022.10.21
516,드림,5,랩댄스 관객 뽑는 것 관련,"최근에 랩댄스 안무도 좀 바뀌고 보라색 러그도 깔아주시고 무엇보다 배우님 중에 한 분이 MC가 되셔서 관객 중에 랩댄스 참여할 의사가 있는 관객을 뽑는 걸로 바뀌었더라고요전 그걸 보고 아마 소셜미디어 상에 랩댄스 수위가 어쩌네 저쩌네 무대 내용이 관객이 법적으로 이의를 제기해도 할 말 있네 없네 그런 의견이 있었던 걸로 아는데 그런 의견 받아들여서 관객을 좀 더 배려하는 방식으로 바꾸려 하신건가 생각했습니다기존 랩댄스 진행 방식이나 안무 모든 점을 신선하고 멋진 퍼포먼스로 받아들였던 사람으로써 MC제로 바뀌는게 좀 아쉽기도 하지만 이것도 이것 나름대로 좋은 시도라고 생각하며 좋게 받아들이고 있습니다해당 공연에 불만이 많으신 분이 계신다면 그 불만이 이 공연 내용을 바꾸고 싶을 정도라면 그냥 공연 관람을 하지 마시거나, 직접 기획사 차려서 배우님들 섭외해서 공연 하나 만드시는걸 추천드립니다쏘 매니 그레잇 아이디어가 있으시다면 왜 썩히고 계신지 안타깝네요. 좋아하는 배우님 직접 캐스팅 해서 메가히트 칠 작품 연출 쌉가능하신 것 같은데 말이죠공연을 쥐고 흔들려는 것 같아 보기 불편하네요",2022.10.21
517,드림,5,보고보고또보고싶은 공연!!!!,"공연이 끝나고 뒤에서 매주 3번씩 와야겠다는 분이 있을 정도로... 한 번만 보기는 아쉬운 공연.. 이래서 한 번도 안 본 사람은 없어도 한번만 본 사람은 없다고 하는 것인가...친한 친구, 자매와 함께 방문하셔서, 멋진 몸과 퍼포먼스를 즐기다 오시면 스트레스를 한 방에 날릴 수 있을 공연입니다",2022.10.21
518,드림,5,시즌2도 좋아요:),시즌1에 이어 시즌2 보는데장난아니에요^^친구들이 왜 이제 데려왔냐며…히히찌든 직장인삶에 한줄기 빛입니다^^,2022.10.19
519,드림,4,새로웠던 공연,살면서 본적 없는 공연을 봐서 즐거운 추억으로 남을 꺼 같아요~ 중간중간 헉! 저렇게까지?! 라는 장면들도 있었고 일단 노래들이 다 아는 노래로 재밌어서 좋았어요~ 줄타시는분과 현대무용 하신분 너무 잘하셔서 기억에 남네요!,2022.10.18
520,드림,5,샤워씬 배우분들 돌아가면서 하면 안되나요?,샤워씬 배우분들 돌아가면서 하면 안되나요?  지금 샤워씬 나오시는 배우님들말고도 다른 배우님들 샤워씬은 어떨지 궁금해요ㅋㅋ,2022.10.17
521,드림,3,몸들은 다 좋았지만 공연은 좀 약하네요,"관객들이 무대 위에 올라왔을 때, 마지막에 드로즈만 입었을 때만 19금 공연답고 나머지는 생각보다 에로틱하지 못했어요. 그리고 관객이 처음 무대에 올라왔을 때 중앙에 동그란 소파에 눕혀놓고 배우가 줄에 매달려서 묘기를 부리는 것..  만약 제가 올라간 관객이었다면 좀 당황스러울 것 같았어요. 설렘이나 성적 긴장감이 아니라 민망함일 듯..  흰 셔츠 입고 춤추는 장면도 셔츠가 물에 좀 적셔져서 피부가 비치는 상태면 좋을 것 같고요. 관객을 무대 위에 올려놓고 배우들이 사라지면 그냥 덩그러니 남겨져서 공연이 끊기는 느낌을 받았습니다. 배우 1명이라도 남아있던지, 뭔가 이어지는 연출이 필요할 것 같습니다.  그리고 배우들끼리도 체격이 많이 차이나서 상대적으로 왜소하신 분들은 체구를 더 키웠으면 좋겠어요.",2022.10.17
522,드림,5,어느덧 다음 회차를 또 예매하고 있는 나를 발견...,어느덧 다음 회차를 또 예매하고 있는 나를 발견...  그렇게 일주일에 몇 번을 가게 되버렸습니다ㅋㅋㅋ  중독적인 공연!!!,2022.10.17
523,드림,5,후기마놔,https://m.blog.naver.com/hahye26/222902161924잼썼습니닷,2022.10.17
524,드림,5,이순간은 생각없이 빠져라,이번 공연은 오픈때 보고 약 한달 후 2회차 관람이였어요. 첫 관람때는 난타가 좀 거슬렸었는데 많이 좋아진것 같아요.. 음악과 난타가 겉돌아서 귀가 좀 그랬거든요 .. 그리고 랩댄스 후기반영 해서 순한맛이 되었다는 슬픈 전설이; 쫀쫀하고 긴장만랩으로 19금 다웠지만 어쨌든 다소 아쉽네요 마음은 맬맬 공연장이지만 종종 가는 걸로다가 ^^,2022.10.17
525,드림,5,"자기 관리 철저하게, 자신감 있게 열정적인 모습이 멋져요~","동생과 엄마와 함께 관람할 수 있는 좋은 공연이었던 것 같다. 보는 내내 자기 관리를 철저하게 한 모습을 보면서 나 스스로도 저들처럼 몸매 관리를 해야겠다는 자극을 받았고 공연 내내 끝까지 최선을 다해서 열정적으로 하시는 모습이 멋져 보였습니다. 음악에 어울리는 퍼포먼스, 다양한 댄스, 난타, 관객 참여 등 다양하게 즐길 수 있었던 무대였습니다~~",2022.10.16
526,드림,5,조명 바뀌었네요,관람시 상태 고려해서 조명 바꿔주시는 것 같네요 좀 뒷자리 앉아봐야겠네요 전체적인 조명 구성 보려면 뒷자리에서 한번 보는 것도 좋더라고요!!,2022.10.16
527,드림,3,시야 방해석 및 배우님들 참여도,"2차 티켓팅 오픈에는 피드백 반영해서 사이드 좌석 시야 방해석으로 오픈하신 부분 좋았습니다.랩 댄스 변경 후 무대 구성 및 다른 부분은 아직 변동 사항은 없는 것 같습니다.수요일 낮공연과 금요일 심야공연 럭키드로우 이벤트 진행하는 부분도 좋았습니다.제가 관람을 할 당시까지만 해도 새로 나오시는 배우분들의 무대 비중이 좀 적은 것 같아서 아쉬웠습니다.하지만, 여덟 명의 배우님들의 무대 참여도가 시즌 1에 비해 균등해진 것 같아 그 부분은 좋습니다.",2022.10.16
528,드림,3,첫 공연 후 피드백을 통해 변경된 시즌2,"솔직히 첫 공연을 관람하고 실망이 컸습니다.시즌 2가 된 만큼 좀 더 발전되고 만족스러운 공연을 기대하고 관람했는데, 기대에 못 미치는 무대와 의상 그리고 랩댄스..사실 첫 공연 보고 추가 예매를 안 하고 싶었어요.근데 그 후에 랩 댄스 후기 피드백이 반영되었다는 후기들을 보고 어느 정도 기대하고 재관람을 했습니다.솔직히 첫 공연보다는 좋아졌지만, 시즌 1 랩 댄스가 제 기준에서는 더 좋은 씬입니다. 의상 bgm 안무 모두요.시즌 1은 나르샤님이 연출하신 만큼 여성의 니즈를 더 충족시켜주는 공연이었다고 생각합니다.그리고 생각보다 시즌 2를 빨리 시작하게 되어서인지 비슷한 레퍼토리 비슷한 무대 구성 음악 등 아쉬운 부분이 많은 것 같습니다.좋아진 부분은 난타 후 무대 재정비할 때 배우님들이 나와서 무대를 채워주신다는 점오프닝을 지체 없이 정각에 시작하는 점아쉽지만 피드백을 통해 변경된 무대가 있는 만큼 조금씩 발전되는 모습 볼 수 있었으면 좋겠습니다.",2022.10.16
529,드림,5,회전문,벌써n번째.. 회전문 돌기 좋아요! 배우분들 매력이 짱????시즌1때 봉 사라진건 아쉽지만 시야가 가까워진거 같아서 만족합니다 스트레스 풀기에 너무 좋아용!,2022.10.16
530,드림,5,바로 아래 배우들 매력은 좋다고 쓰긴 했지만요,"바로 아래 배우들 매력은 좋다고 쓰긴 했지만요... 시즌1에 비해 완성도가 떨어지는건 사실이네요... 개인차라서 호불호가 있겠지만, 제 개인적인 생각은  시즌2 구성자체가 19구금 개성있는 여성들만을 위한 공연이라는 취지에 그닥 만족감이 많지는 않은 것 같아요. 배우들의 매력으로 끌고 가는 공연이 아닌가 싶습니다. 그런데 그 배우들의 매력도 빛을 발하지 못하는 구성이 되다보니 아쉬움이 크긴 한 것 같습니다. 시즌3 시즌4 계속 나아가려면 많은 생각을 해보셔야 할 것 같습니다.",2022.10.14
531,드림,5,봐도 봐도 안 질림요,공연내용은 같아도 배우들마다 개성이 다 다르고 표현방식도 다르고 봐도 봐도 안 질려요~ 꼭 보세요~ 두번보세요~ 열번 보세요 ^^,2022.10.14
532,드림,5,친구들 데려가려구요!,즌1도 재밌게 봤었는데요! 짧은 텀이었는데  새로운씬들이 많이 추가되고 음악도 신나서 좋아요! 열심히 영업해서 친구들 데려갈예정입니다!,2022.10.13
533,드림,5,동생이랑 보고 왔어요 므흣^^,여자라서 신나요~~냐하하 ^^ 다들 실력도 좋으셨지만 너무 열심히 하셔서 프로다운 모습이 멋지기도 했고 나도 열심히 살아야겠다 괜히 반성도 하게되는 시간이였습니다. ㅠㅠ 동생이 카톡으로 보내온 관람후기 올립니다.  함부로 표현해선 안되는 분들이다. [이국영 배우님] 말근육 아니야.. 조각조각 갈라진 한마리의 흑마같은 남자라고 해야해.. [강천일 배우님] 각진 눈썹과 대비되는 섬세한 선으로 온몸의 근육을 컨트롤하는 현대 무용가.. [김사홍 배우님] 그가 아니면 센터는 없다.유연하고도 돋보이는 몸과 살아 움직이는 표정.. 누가봐도 그는 노련하다.  라고 했습니다~~~,2022.10.13
534,드림,5,여자로 태어나서 다행이다 정말,여자로 태어나서 다행이다 정말  이 좋은 공연을 볼 수 있으니까요!  남자로 태어났으면 못봤을거 아냐ㅠㅠㅠㅠㅠㅠㅠㅠㅠ,2022.10.13
535,드림,5,회전문 가보자고~~,시즌1에이어서 시즌2^^솔직히 시즌2첫공보고나서 정신차리니 와카하나다만들고정신차리니 스페셜포카생기고정신차리면 퇴근하고 명보달리고있는 나를발견배우님들의 열정과 같은공연인데 그때그때 디테일이 다름국영밴 오프닝과 청소씬 퍼포 청광밴의 꽉찬 군무씬끼돌이 지한밴과 표정부자 천일밴 귀여움과 그렇지않은 몸의 한샘밴 장꾸미가득찬 사홍밴과 디테일부자 희중밴 랜댄강자 동희밴과 선이이쁜콜린밴 뉴페의 진가를보여주는 도경밴 진욱밴 눈웃음이이쁜 윤제밴 장발의 섹시함을보여주는 재우밴그리고 아직못봤지만 기대되는 준밴님까지~^^모든배우님들의 열정of열정 관전 꿀잼!!,2022.10.12
536,드림,5,요즘 효도하기(?),집안 여자들 여기로 총출동 했습니다너무 행복합니다가족분들 다 재밋었다고 하네요배우님들 감사합니다(?)????,2022.10.12
537,드림,4,눈이 호강하는 공연이에요~,처음에는 너무 놀라서 눈을 어디에 둬야할지 몰랐지만..ㅎㅎ 정말 잘 즐기다 왔습니다! 그냥 마음껏 놀다가 온 것 같아요! 즐거운 밤이었습니다 :),2022.10.12
538,드림,5,너무 잼있어요~,너무 잼있어요~ 마스크 안으로 웃음짓게 하는 공연~ 자꾸 웃음이 새어나와요~ ㅎㅎㅎ,2022.10.12
539,드림,5,너무너무 잼있어요~,너무 잼있어요~ 마스크 안으로 웃음짓게 하는 공연~ 자꾸 웃음이 새어나와요~ ㅎㅎㅎ,2022.10.12
540,드림,5,너무너무 잼있어요~,너무 잼있어요~ 마스크 안으로 웃음짓게 하는 공연~ 자꾸 웃음이 새어나와요~ ㅎㅎㅎ,2022.10.12
541,드림,5,볼수록 빠져듭니다~,자꾸 볼수록 또 보고싶고 또 보고싶어요~ 저도 모르게 계속 빠져들어요~ 머릿속에 와와 생각밖에 없어서 큰일이예요,2022.10.12
542,드림,5,일주일의 피로를 날려주는 공연~,스트레스로 가득한 제 일주일의 피로를 날려주는 와일드와일드 목빠지게 기다리다 스트레스 풀고왔어요~ 개인적으로 저는 시즌1보다 시즌2가 더 재밌어요!^^,2022.10.12
543,드림,3,와와 시즌2 기다렸는데...,점점 완성도 높아지고 있는건 알겠는데... 시즌1에 비해 매력이 낮은건 사실이네요... 19금 공연이라는 타이틀에 비해 뭔가 아쉬움. 배우 개개인의 매력이 많이 보이지 않음.,2022.10.11
544,드림,5,폴댄스 연습 미리 하고 나와주세요,폴댄스 무대 위에서 연습하지 마세요배우님이 연습하시는거 보려고 그 돈 내고 객석에 앉아있는거 아닙니다시즌1때는 다른 분이 12월 정도 되어서야 좀 제대로 하시더니 그 때 그분 이후로도 늘 잦은 실수 진짜 어찌 안되나 답답했었는데이번에 또 다른 분이...그러고 계시네요  전공자 아니신가요그분 첫공 보고 오- 앞으로 무대에만 익숙해지시면 진짜 멋지시겠네 기대와 응원 했었는데지나고 보니 그분의 폴 첫공이 제일 괜찮았던 거네요폴 특정 동작 안되시면 다른 동작으로 바꿔도 좋으니 숙지 안된 무대는 정말...  관객에 대한 예의.. 아니 예의고 나발이고 모르겠고 내 돈 아까움나 돈 썩어나서 이 돈 내고 여기 오는거 아닙니다프로답게 부탁드립니다,2022.10.11
545,드림,5,"임산부 친구 두명 데리고갔는데, 원망만 샀네요 ㅠㅠ","친구들데리고 갔는데, 이 좋은 걸 왜 이제 데리고 왔냐며 이 좋은 걸 그동안 혼자 알고 있었냐며... 욕 많이 먹었습니다.... 네... 제가 잘못 한 것 같아요... 유부녀들이라... 이렇게 좋아할 줄 몰랐거든요...  첫째는 시댁에 맡기고 둘째는 뱃속에 품고 있는 친구, 그리고 곧 첫째 출산을 앞둔 친구까지...  둘 다 워킹맘으로써 요즘 몸도 무겁고, 육아에 지칠 대로 지친 상태였는데 오랜만에 밖에 나와서 이런 공연도 보고, 너무 행복했다고 하더라구요  친구 출산 전에 한번 더 가기로 했어요 ㅠㅠㅠㅋㅋㅋㅋㅋㅋㅋ 둘다 아들 맘이라, 잘 보고 - 이 형아들처럼 멋있고 잘생기게 태어나라~~ 빌어줬습니당 ㅎㅎㅎㅎ",2022.10.11
546,드림,4,자꾸 생각나는 공연,우연히 알게되어 예매하고친구들이랑 봤는데 자꾸 생각나게되는 공연이네요^^처음엔 보고 핫하다 했는데그만큼 배우님들 노력이 보이더라구요!!운동의결과물!! ????????공연이 이렇게 짧나?  싶을정도로 눈호강하고관객유도 보는것도 재밌었습니다 ㅋㅋㅋㅋ 친구는 재예매했다 할 정도네요 ㅋㅋㅋ즐거웠습니다 ㅎㅎ,2022.10.11
547,드림,5,75분 동안의 행복한 꿈,시즌 1이 달콤한 악몽이었다면  이번 시즌2는 그저 행복함만 가득한 꿈이네요  정말 좋은 공연 감사합니다♥,2022.10.11
548,드림,5,보고 또 봐도 또 보고싶어요,나이트메어때도 보고 이번에 드림도 보고 왔는데 구성은 거의 비슷하지만 공연장이 달라지면서 조금 바뀐 부분이 있어요 배우님들이랑은 거리가 더 가까워진 느낌이에요. 진짜 돈이 하나도 안아깝고 아 이래서 돈 버는구나 싶어요 또 보러가고싶어요 ㅠㅠ,2022.10.11
549,드림,5,.,재밌습니다.,2022.10.10
550,드림,5,잘 보았습니다,재밌어요,2022.10.10
551,드림,5,와일드 와일드,너무 재밌었어요.. 진짜 신세계... 이런 공연 많이 해주세요ㅋㅋㅋ,2022.10.10
552,드림,4,즐기면 되는 공연,일탈이 필요한 날  완벽한 공연,2022.10.09
553,드림,5,한번쯤~ 더?,안본사람은 있어도 한번만본사람은 없다더니 한번 더 보러가고싶네요,2022.10.09
554,드림,4,와와,좋았씁니다~,2022.10.08
555,드림,5,저는 그만 키절하고 말았습니다.,진짜... 이건 n번째 봐야만하는 공연이에요...배우들마다 매력 다 다르구!! 그냥 자연스럽게 또 봐지더라구요^^ 나이트메어 한번만 봐서 아쉬웠는데 이번에 드림 또 봐서 행복했구 전 또 볼겁니다! 빨리 서울에 이직을 해서 올게요! 많이 보게 ㅎㅎ,2022.10.08
556,드림,5,하유우,또 왔네 또 왔어!!! 정신차려보면 또 명보 ㅋㅋㅋㅋㅋ,2022.10.08
557,드림,5,꺅,눈호강..><,2022.10.07
558,드림,5,행복해따....☆,적극 추천ㅠㅠ 넘 조씁니다 또 볼껍니다.....,2022.10.07
559,드림,5,시즌1보고 재관람해써요:),너무잼써요휴시즌1보고 보는데 더 현장감 넘치네여!!배우님들 몸이 더 좋아지신것같구무대매너듀 짱????재관람늪에 빠지겠어요ㅜㅜ,2022.10.07
560,드림,5,랩댄스 순해져서 아쉽다,이젠 더 바꾸지 말아주세요ㅠㅠㅠㅠ  초반 랩댄스가 그립다ㅠㅠㅠㅠ  더 이상 순해지는건 반대,2022.10.07
561,드림,5,시즌2 존잼,초반에 미숙했던 부분이 계속 보완되고 좋아지는 듯한 느낌이에요~^^배우들 꿀잼,2022.10.06
562,드림,5,계속 볼수 밖에 없음,매번 볼때마다 새롭고~중독성 강한 공연임....조명바뀐거 넘 좋음~아직도 와와 안했어????,2022.10.06
563,드림,5,한 번이면 만족한다던 친구가 또 예매를 했다네요ㅋㅋ,제가 사비들여 영업해온 친구가 보고나서는 재밌지만 한 번이면 만족한다더니  캐스팅 일정 보고 자기가 예매하고 알려주네요ㅋㅋ  정말 와일드와일드 마약같은 공연!!!,2022.10.06
564,드림,5,왜 이제야 알게됐을까요!!왜!,"와일드와일드의 드림이란 공연을 왜 이제야 알게된걸까요…이제라도 알게된게 천만다행인거겠죠?ㅋ안본사람은 있어도 한번 본 사람은 없지않을까 싶으네요~재관람 또 예매했어요 ㅋㅋㅋ5시공연보고 저녁 맛난거 먹고와서 다시 8시공연도 볼 예정입니다^^다시 보러 갈 생각에 행복하네요!모두 즐감, 행감 하시길바래요~~>.<",2022.10.06
565,드림,5,재관람이요,너무너무 꿈같은 시간이여서 또 보러가요~~! 이번에도 너무 설레고 기대되네요 ^^,2022.10.06
566,드림,5,정말 좋은 공연 감사합니다,공연 회전문 돌고있는데이번에 새로운 배우분들3분도 처음보고..다시 눈뿅하고 난타 새로오신분들도 잘하시더라구요ㅋㅋㅋㅋ새로운 배우들로 보니까 뭔가 같은공연인데다른느낌 다시 한번 와며들었습니다...시즌1부터 지금 공연30번 넘게 봤는데나도나도 무대한번올라가고싶다....,2022.10.06
567,드림,5,존잼!!!!!!,진짜 너무 재밌는 공연이였어요관객들과 같이 호흡하는 공연????또 보러 가고싶어요ㅠㅠ,2022.10.05
568,드림,5,또 꿈꾸러가요~두번째인데 자꾸중독되네요~,"내게도 이런 판타지가 있었다는 사실을 알게됐답니다.공연을 진심으로 즐기니,또 일상의 즐거운 활력이되네요^^이번에 두번째인데 이미 알고 있는 공연이라 공연날을 기다리는 이 시간도 너무나 설레고 기대되네요 ♡ 콩닥콩닥 두근두근♡",2022.10.05
569,드림,5,두번째 관람입니다~,"지난주에 보고 친구 생일 선물로 친구 데리고 또 가네요,,회사 다닌다고 고생하는 친구에게 가장 좋은 선물이 될꺼라고 확신합니다.공연하는 배우들의 노고도 느껴지고, 예술성도 높아요~~^^ 강추 합니다.!!",2022.10.05
570,드림,5,최고의 공연!!,친구가 강추해서 보러 왔어요~~ 공연 내내 눈을 뗄수가 없네요ㅋㅋ 배우분들 다 너무 멋지시구요ㅠㅠ 스트레스 확 풀리네요 2차 3차 달리러 갑니다~~,2022.10.05
571,드림,5,저 또 보러가요^^,지인찬스로 우연히 보게된 핫한 공연 넘나 신선하고  잼있어서이번엔 친구들과  다시 보러 갈 예정임돠^^ 넘넘 기대되여~~~~,2022.10.05
572,드림,5,꼭꼭꼭 두번 세번 보세요!!!!,지난달에 친구들이랑 우연히 공연을 봤는데 이공연 몬가요~~~~~~~~이거슨 예술입니다!진짜 처음부터 눈을 뗄수가 없고요..배우분들 하나같이 아이돌 저리가는 외모에 몸은 말할것도 없구요~저 또 보러갑니당~~너무 설레여요~~,2022.10.05
573,드림,5,행복했어요,우연히 친구가 꼭 가보라고 해서 보러 갔는데그친구가 사는 집 방향으로 앞으로 절 하려구요진짜 배우님들 다 너무 멋있고 공연 구성도 너무 좋았어요 생각했던 거 보다 기대 이상으로 좋은 공연 멋진 무대 보여 주셔서공연이 끝난 때까지 박수를 쳤더니 다음날 어깨가 아프네요 하지만 가치가 충분합니다 최근에 했던 문화생활 중에서 최고 였어요!,2022.10.04
574,드림,5,조명 일부 바뀐건 좋은데,조명 일부 바뀐건 좋은데   랩댄스 씬에서는 배우님들이 너무 안보여요ㅠㅠ,2022.10.03
575,드림,5,이거 소문나야해여 꼭,진짜 와일드쇼 세상사람들 다 알아야합니다 ㅠ 너무 행복했어요,2022.10.03
576,드림,5,추천합니다:),추천합니다:),2022.10.03
577,드림,4,즌1 즌2비교ㅎㅎ 여러번 보고 후기 남겨요 :) ,"즌2 여러번 보고 후기 남겨요 즌1보다 무대가 더 다양해지긴 했는데 좋은점과 아쉬운점들 적어볼게요 우선 추가된 무대중에 흰티에 청바지 입고 다같이 춤추는거 너무 신나고 즐거워요! 노래도 안무도 넘 신나고 안무 포인트들 따라추는것도 재밌어요그리고 즌1 하네스 대신 배우들 근육 자랑타임(?) 생겼는데 하네스도 좋았는데 이것도 진짜 너무 매력있고 재밌어요ㅋㅋ 랩댄스 할사람들 뽑는데 즌1땐 관객들이 서로 뽑아달라 난리여서 시간 아까웠거든요 근데 배우들 위주로 볼수있어서 넘 좋았어요~ 물닦는씬도 배우들 너무 귀엽고 스탭분 보단 배우들이 나와서 하는게 더 좋았어요~ㅎㅎ샤워씬 끝나고 다같이 수건두르고 단체로 춤추는거 추가됐는데 귀여워요ㅋㅋㅋㅋ 근데 마지막에 배우들이 줄 설치하고 하던데 차라리 앞에 나와서 호응 유도하고 스탭분들이 빠르게 하심 좋을거같기두ㅎㅎ 관객 한명 뽑으러 가는동안 앞열 관객들 너무 멍때리기 좋더라고요.. 아쉬운건 다른 후기들처럼 랩댄.. 너무 별로예요 즌1엔 실크잠옷에 로맨틱한 느낌이 가득했는데 이번엔 무슨 이상한 촌스러운 조끼같은거 입히고.. 노래도 별론데 안무가 무슨.. 말그대로 성행위를 보여주는거라 낭만도 로맨틱도 1도없어요.. 불쾌한느낌 ㅠ 굳이 이걸 내가 왜 지켜봐야하지 싶은??? 관객 다리를 어깨위로 올리고 허릿짓 하는것도 너무 끔찍하고... 약간 수정됐는데도 여전히...ㅠ 잠옷 다시 데려오면 좋겠어요그리고 난타가 다들 힘이 없어요.. 첫공연 보고 놀람... 회차 지날수록 점점 파워가 올라가긴하는데.... 옷은 전사복장에(옷도 상의는 괜찮은데,, 하의가 너무 숭해요ㅠ) 기세등등하게 등장해서 다들 북을 왜 살짝살짝 터치하는지? 박력이 없어서 아쉽더라구요 다들 몸은 좋은데 몇분빼곤 왜 힘아리 없게 치는지ㅠ 그리고 유독 난타때 음향이 작은거같은데.. 정신없이 휘몰아 치는 느낌이 있어야하는데 그게 좀 아쉬웠어요사실 제일 아쉬운건 공연장이에요ㅠ 무대도 좁아보이고.. 즌1때만큼 공연장이 와와랑 맞지 않는 느낌이라 조금 아쉬워요 세련된 느낌도",2022.10.03
578,드림,5,와와 왜 안보세요,"왜 안보세요 이렇게 재밌는데,,?개인적으로는 시즌 1 보다 더 좋은거 같아아요새로운 씬도 넘 좋고 특히 청바지!!!????????????시간만 된다면 진짜 맨날 보고싶네요..",2022.10.02
579,드림,5,또 보러 갈래요,"넘 재밋어요!!! 관객 가까이 다가오는것도 좋고,이런 공연을 왜 이제 알았지,,널리 널리 알려졌으면 좋겠어요ㅠㅠ 짱잼ㅠㅠㅠㅠㅠㅠㅠㅠ",2022.10.02
580,드림,5,두번째 와일드!!,친구에게 신세계를 경험하게 해주려고 데리고 갔던 와일드공연... 저는 작년 공연에 이어 두번째 공연인데...두번째여서 그런가 더 아찔하네요 그냥 내 기분이 그런건가 ㅋㅋ 배우분들 여전히 멋있으셔.. 공연보고 나오면 길가는 남자들 오징어로 보이는 매직..,2022.10.02
581,드림,4,ㅎㅎㅎ,뉴캐스트 영입한거 너무 좋은거같아요 2번 봐도 재밌음ㅎㅎ,2022.10.01
582,드림,5,와일드와일드,회전문중인데 오늘따라 무대구성 굉장히 웅장하다했더니 조명이 조금 바꼈데요!!!!!얼마나 더 멋진 공연을 보여주시려는건지..조명하나에 이런 웅장함이라니..!!다들 빨리보러오세요!!,2022.10.01
583,드림,5,왈듀왈듀????,ㅎㅎㅎ희중배우님 보러왔다가 다른 배우님들한테도 반했네욤 다른 배우들 보러 공연 또 보러오려구요~~ MD 중에 향수가 공연장에 있는 향과 똑같더라구요 그 때 현장을 오래 간직하고 싶으시면 꼭 구매하시면 좋을 것 같아요! (저도 구매하나했습니다 ㅎㅎㅎㅎ),2022.10.01
584,드림,5,ㅎㅎㅎ....,다들 왜 안 알려주신거죠...? 이제라도 알아서 다행이라규 생각해볼게요...그냥 보세요..일단 그냥 봐요...다른 말 필요업ㅎ고... 그냥 얼른 시작하시고저는 회전문 돌러 갑니다...,2022.09.30
585,드림,5,한번도 안 본 사람은 있어도 한번만 본 사람은 없음..,^^.. 말을 아낍니다 그냥 제발 보러가세요제가 먼저 보고 친구들 영업했는데 다들 기본 두번씩 봤어요 ㅋㅋㅋㅋㅋㅋㅋㅋ제가 살면서 본 공연중에 제일 파격적이에요저번엔 낮공연 보고 밥먹고 다시 저녁공연 재관람하러 감.... 엄마랑 이모도 데려갈라고요,2022.09.29
586,드림,5,평생 보고싶음 진짜..,"스무살이 되고 나서 한 일 중 가장 보람찬 일은 아마 이 공연을 본 걸 겁니다. 술이나 담배는 그닥 안좋아해서 스무살이 됐다는 걸 실감할 일이 없었는데 이게 어른이구나.. 이게 어른의 재미구나 하는 걸 온몸으로 느낄 수 있었답니다... 배우님들 한 분 한 분 모두 개성 뚜렷하시고 근육 라인도 뚜렷하시고 그냥..죽여줍니다..... 단순히 좋은 몸 보여주는 게 다가 아니고 구성이 너무 좋아요 무용 진짜 대박이었구.. 스포라서 말할 순 없는데 진짜 중간에 엄청 벅찬 부분 있는데 그게 진짜..하...쓰는데도 눈물남ㅡㅜ 공연 보는 도중에도 이 시간이 평생 안 끝났으면 좋겠다는 생각이 들었습니다.. 그리고 관객들이랑 교감도 잘 해주셔서 혼자 갔는데도 재밌게 즐기고 왔습니다. 제 친구 수보다 절 챙겨주시는 배우님 수가 더 많았음 아무튼 시즌 1,2 통틀어서 처음 가봤는데 공연장 나오자마자 로또명당 검색해서 로또 샀습니다. 왜냐? 벼락부자가 돼서 맨날 보고싶기 때문이죠. 아직 결과는 안 나왔는데 제발 당첨됐으면 좋겠음요. 20살 이상의 성인 여자라면. 무조건. 거쳐가야 하는. 통과의례같은 느낌으로 꼭 보시길 바랍니다. 제 말 꼭 들으십시요.. 진짜 짱임... 혹시 고민중이신가요? 고민하면 앞으로 볼 수 있는 공연 수만 줄어들 뿐입니다.. 부디 한 회차라도 더 보시길... 저는 돈 박박 긁어서 다음 공연 예매했어요.. 그럼 이만.. 돈으로 행복을 살 수 없다는 건 다 거짓말입니다... 행복은 바로 여기 있는 거에요..",2022.09.29
587,드림,5,준배우님은 언제쯤 나오시나요?,뉴캐스트분들 공연 잘 봤습니다! 준배우님은 언제쯤 나오시나요? 너무 기대되는데ㅠㅠ 이번주 스케줄에도 안계시네요,2022.09.29
588,드림,5,신나는 공연!,28일 낮공으로 보고왔어요 첫공이긴한데 캐스팅 최고였던 거 같아서기분 좋아요. 처음엔 너무 당황해서ㅋㅋ 초반에 못 즐긴게 아쉬워서 한번 더 보러 갈거같아요관객석으로 와서 즐기는게 더 있었으면 좋겠어요초반부에만 있으니 아쉽네요… 그땐 당황해서어버버 거리고 끝나요ㅠ,2022.09.29
589,드림,5,기대보다 훌륭했어요 하지만..,후기 보고 우려했었는데 결론은 정말 좋았구요낮공연 캐스팅이 정말 이대로 쭉 가줬으면 하는 완벽한 리스트였어요ㅋㅋ낮공은 상대적으로 덜 복잡한데도 누구 한 분 텐션 떨어지는 것 없이 신나게 공연하시길래 정말 재미있게 관람하고 왔습니다ㅎㅎ다만 이 공연의 특이점이라고 해야할지관객과 직접적으로 소통하는게 장점이긴 한데눈에 익은 특정 무리 관람객과 공연 도중 친목하는 느낌이 다른 관객에게는 소외감을 느낄 수도 있겠다는 생각이 들었어요. 물론 많은 시간과 비용을 들여 꾸준히 관람하는 분들께 더 감사한 마음이 드는 건 이해가 가지만조금 더 접근성이 쉽고 많은 분들께 알려졌으면 하는 바람에 적어봅니다 ;),2022.09.29
590,드림,5,주저하지 마세요??,주저하지 마시고 얼른 예매하세요여자들을 위한공연시즌 1 때 부터 공연보기 시작했는데시즌 1 이랑 달라진공연 ㅋㅋㅋ물론 장단점이 있긴하지만 ㅠㅠ 시즌2도 만족스럽습니다????????,2022.09.29
591,드림,5,공연은 좋은데 세부적인 것들 신경 좀 써주세요,2차 티켓 오픈을 무슨 게릴라도 아니고 하루 전에 알려주시나요 심지어 2차 티켓 오픈시간 첫 공지는 수요일 낮공연 시작 시간인 3시로 올렸다가 다시 1시로 정정하셨죠?  그리고 현재도 티켓 오픈 공지 내용에는 티켓 오픈 시간은 3시 출연자 13명(아직 무대에 서지않은 뉴캐스트 분이 계시니 그렇다 칩시다) 하단에는 뉴캐스트 4명은 추후에 공개... + 아직도 고쳐지지 않은 오타들 (오픈 공지는 물론이고 지금 티켓 판매페이지에도 난리도 아니에요)  티켓 판매 페이지는 관객들이 이 공연을 접하기 전에 처음 맞는 공간입니다. 제발 최소한의 검토는 진행하시고 공지든 티켓 오픈이든 진행 좀 부탁드립니다.  좋은 공연을 위해 애써주시는 점은 항상 감사드리고 있습니다만... 정말 이런건 관객을 위한 최소한의 예의와 배려라고 생각합니다.  쓴소리는 죄송합니다만... 어디 말씀드릴데가 이 곳 밖에 안보여서 하소연 해봤습니다ㅠㅠㅠㅠ 정말정말 애정하는 공연이에요! 앞으로도 계속 회전돌면서 응원할테니 제발 조금만 더 신경써주세요ㅠㅠ,2022.09.28
592,드림,4,재밌었어요,비슷한 미스터쇼 한번 봤었는데  다른 느낌이 있네요~ 연습 많이 하고 무대에 선 느낌이 듭니다~  특히 줄타는 거랑 현대무용 한던 분 !! 굳굳!!!  재미있었습니당^^,2022.09.26
593,드림,5,와와시즌2기다렸어요~,시즌1 끝나갈따 보고 반해서 시즌2 계속 기다렸어요. 아직은 공연초기라 완벽하진 않지만 점점 완성도 높아지리라고 생각합니다. 한번 올리고 마는 공연이 아니라 점점 발전하는 공연이 되기를 바랍니다. 와와의 가장 큰 장점인 배우의 매력을 살리는 공연이 되기를...개인적으로 시즌2에서 청바지흰티군무 너무 좋고 샤워신도 세트구성이나 군무나 좋았습니다. 다만 난타때 중심이 좀더 힘있는 분이 있어야 할것 같은 느낌입니다. 스트랩이나 폴 공간이 안 나와서 시즌1보다 화려함은 덜하지만 배우님들이 많이 애 쓰신것 같았습니다. 와와 대박나길 간절히 바라는일인,2022.09.26
594,드림,5,랩댄스 왜 논란인지 모를일,전체적으로는 오히려 시즌1 때보다 순한맛이되고 정말 19금다운 랩댄스가 있어서 미성년자관람불가를 유지할만한 공연의 밸런스를 맞췄다는 생각이 들어요,2022.09.26
595,드림,4,랩댄스 호불호 관련 제 생각,랩댄스 호불호 많은거 글보고 알았네요의견이 다 다를 수 있다고 생각합니다개인적으로 전 파격적이긴 한데 관객의 몸이 닿게 하는 것도 아니고 안무의 일부라 처음 봤을 때도 와우 이번엔 수위 쎄네 정도만 생각했지 뭔가 기분 변화를 일으킬 정도는 아니었습니다시즌1때 랩댄스 보고 매직마이크 생각난다는 분 있었는데 오히려 전 지금 랩댄스가 매직마이크 그 분위기로 하려고 한건가 싶었고요배우님들 몸이 예술이라 그런지 전체적인 안무와 극 흐름 그리고 분위기가 퇴폐미 가미해서 멋지다 생각했는데 그리고 뭔가 문제가 있다고 생각되기에는 배우님들이 너무 프로페셔널해요 안무 너무 잘 소화 하심. 그냥 프로답게 공연 잘하신다는 생각밖에 안 들었어요. 그리고 누구나 살면서 한번씩은 하는 그게 뭔가 죄가 되는 행동도 아니니까요19금에 여성전용인데 why not?,2022.09.26
596,드림,5,와일드 와일드,재밌어요,2022.09.26
597,드림,5,와일드 와일드,재밌어요,2022.09.26
598,드림,5,망설이고 계신가요? 왜때문에???,망설이고 계신가요? 왜때문에??? 일단 한 번 보러 오세요 회전하고 있는 당신을 발견하게 될 것,2022.09.26
599,드림,5,이건 천국,"봐도 봐도 증말루 자꾸 생각나는 뮤지컬입니다ㅠㅠ돈이 하나도 아깝지가 않아요ㅠㅠ다음주에도 회사 휴가내고 서울와야하나 백번째 고민중잇니다ㅠㅠ 꼭보세요 여러분들,, ♥?",2022.09.26
600,드림,5,멋진 공연,완전 기분전환 최고.다들 고생하셨습니다,2022.09.25
601,드림,5,여자의 천당!!!!!!,꼭 가보세요!!!!진짜 여자의 천당입니다!!!!,2022.09.24
602,드림,5,욕나왔다,보다가 흥분해서 같이 온 친구와 야 저거 봐! 대박 ㅅㅂ! 소리지르고 서로 퍽퍽 치고 대환장이었다. 누가 이런 모습 볼까봐 두려웠는데 다행히 다른 관객들 상태도 비슷했다. 도파민 아드레날린 과다수치로 기절할 뻔. 공연시간 동안 인생이 재밌어져서 또 가고 싶은데 현생...... 왜 못 감...... 또 가게 해달라고 인생님께 비는 중. 되도록 오래 공연해주십쇼. 인생이랑 쇼부 보고 갈랑께.,2022.09.24
603,드림,5,굿,재밌어요... 쇼 구성은 잘 모르겠네요 이런 류 공연을 처음봐서요 근데 클럽음악 스타일에 두둥.둥. 하는건 그닥 안 어울렸던 것 같음 호불호가 강한 장면은 하도 리뷰로 접하고 가서 그런지 오히려 크게 감흥 없었구요 배우분들이 좌석 꼼꼼하게 돌아주셔서 좋았어요 좋더라고요...,2022.09.24
604,드림,4,처음 관람~~스트레스가 풀러요,와일드와일드 지인분들이 추천해서 보게되었는데첫시작은 뭐지?민망했지만...포인트가 있고 전체적으로 재미있게 관람했어요.출연진들 몸관리하느라 고생하셨을듯요.ㅋ,2022.09.24
605,드림,5,그대들은 나의 힐링,전라도 광주에서 시즌1 3번밖에 못봐서 이번시즌은 매주마다 오려고 합니다. 진짜 5일간의 고단하고 재미없는 회사생활을 75분의 시간동안 8분의 배우님들께서 힐링하게 해주시네요♥? 제발 오래오래 진행해주세요ㅠㅠ제 힐링이자 숨인 와와 ??,2022.09.24
606,드림,5,시즌2도 극락이네요,시즌1 끝나고 언제 다시 볼 수 있을까 했는데 생각보다 빨리 보게 된 것도 좋았고 시즌2는 제 마음을 더 부시네요 아니 그냥 저를 부셨어요.. 시즌2는 기존 무대 구성에서 조금씩 새로운 변화를 준 부분들이랑 새로운 씬 추가 된 무대들도 넘냐 킹갓제너럴판타스틱어메이징으로 소화하시는 밴님들 보고 1차 기절 각이었고 표정이랑 끼부리시는 거 보고 2차 기절할 뻔 하다가 정신줄 간신히 붙잡았다구요ㅠ 역시 와츄는 어디 안 가죠 아니 못 가죠 어떻게 갑니까.. 이번 시즌2도 사랑 그 잡채><,2022.09.23
607,드림,5,하하,뉴캐스트 공연하시면 어떤모습을 보여주실까 기대했는데 실제로 보니 너무 흥미진진했어요 색다른모습을 본느낌,2022.09.23
608,드림,5,새로운얼굴들,새로운 배우님들 영입으로 조금은 불안한건 사실이지만 그래도 배우님들의 매력도 매력이고 진심으로 열심히해주시는게 보여서 더 즐겁게볼수있었어요.,2022.09.23
609,드림,1,표를 2장 예매해서 2번 후기를 쓰는데요.,https://blog.naver.com/bowunzi/222879239712  이 관객님의 리뷰 꼭 읽어주시고 더 나은 모습 제발 좀. (그냥 와일드와일드 시즌 1 재탕하시는 게 더 나을지도),2022.09.22
610,드림,5,시즌 1을 넘어선 파격,여자들이여 꿈을꾸라라는 말에 알맞은 파격,2022.09.22
611,드림,5,거긴 꿈의 세상이었다.,"와…..정말…..처음 공연이 시작할 떄는 약간 엄마한테 혼 날 것 같은 기분이었어요.근데 점점 그런 생각은 탈피하고 현실을 벗어나, 정말 Dreams come true. 그런 기분이에요.정말 현실의 속세와 고통에서 벗어나 잠시 꿈을 꿀 수 있었어요. 덕분에 삶의 활력을 얻고 다시 일상으로 돌아왔지만, 꿈이 있기에 현실을 살아갈 수 있나봐요.",2022.09.22
612,드림,5,캐스팅 알고가니 더 좋네요,이번주부터는 캐스팅을 공개해주셔서 미리 원하는 날짜에 갈 수 있었습니다. 아무래도 극 장르상 애정하는 배우가 나와야 더 재밌게 즐길 수 있는 것 같아요! 캐스팅 공개 감사합니다!,2022.09.22
613,드림,5,"감사합니다 나르샤 님,,","정말 감사합니다.. 나르샤 님이 제작하셨다고 했을 때부터 관심있었는데 이번에 보게 되었네요. 왜 이제야 보았을까? 와일드한 남성분 8명이 나를 이렇게 홀리는데 난 왜 이걸 지금 본 걸까? 일찍 영접하지 못하여 탄복스럽지만, 그래도 지난 토요일 오후5시. 와일드하고 화끈하게 즐감하였습니당^^ 그리고 마냥 야한 게 아니라 현대무용, 폴댄스, 난타 등 다양한 구성으로 무대를 채워줘서 좋았어요~  저는 2층 맨 앞에 앉았는데 배우님들 뒤에까지 자주 와주셔서 섭섭하지 않았어요 히히 그거 아시나요^^ 콜린 님이 저에게 윙크해주셨어요^^ 야호~^^ 히히ㅣㅎ히히히히힣 토요일에 공연 봤는데 월요병이 사라졌어요 히히히히히히 지금도 행복해요 히히히히힣 벌써 목요일이네? 어떻게 일주일이 금방 지나갈 수 있죠?  와일드와일드 <드림> 공연을 전국에 계신 여성 직장인을 위한 복지로! 전국순회공연 다니셔야 할 듯싶습니다!!!!! 아직 못 보셨다면 꼭! 꼭! 꼭! 봐주세요>.< 다음에 간다면 무대에 가고 싶습니드아(하트) 그때까지 건강 잘 챙기시고 앞으로도 예술적인 무대 보여주세요~~~!!!",2022.09.22
614,드림,5,시즌2 더 화끈하네요!!!!,시즌1도좋았는데 시즌2는 더 쎄져서 왔네요.새프로그램들도 너무 신선하고 새롭고 의상들도 화끈하고 저는 샤워신후에 안무가 특히 좋았어요.기존프로그램들도 더 섹시해지고 동작들도 더 다양해져서 보는 맛이있네요.이번시즌도 역시 회전각이네요.,2022.09.21
615,드림,4,혼자가서보았지요!뚜둥,저는 왜 앞에 못가나요(무대)들기쉬운 가벼운 관객만 나가는 듯요저도 나가보고 싶었습니다^^무대는 사실 좀 작았구요조명이 너무 쎄서눈갱 받아서 눈물 닦으면서 보았네요배우님들의 퍼포먼스 아이돌같이 군칼무 정도는아니지만 또 관객들과의 호흡은 좋더군요.혼자 가도 전혀 어색함 없이 보고 오셔도 에너지업되어 나옵니다.또 가보고 싶기도 해요.인스타로 한진욱 배우님팔로 했는데 너무 귀여우시던데요몸매가 제가 제일 좋아하는 몸매였어요 ㅎㅎㅎ뭔가 가지고 있는 매력이 상당하신 분이던데요 볼매 ㅎㅎ여하튼 혼자 가서 충분히 음악듣고 에너지 충전 하셔도 좋은 작품입니다.기대를 떠나서 제 시간 잘 보내고 왔습니다 응원할께요♡,2022.09.21
616,드림,1,역시나 5개월은 짧았네요,시즌1의 매력포인트가 다 퇴색되었는데 시즌2만의 매력포인트도 없고 공연장부터 총체적난국와와의 무대였던 곳은 층고가 높아 2층에서부터 1층까지 극적인 요소로 활용할 수 있었는데 현재 단층의 평면적인 무대이면 그 무대에 맞게 씬을 각색하던 다르게 변주를 줘야하지않았을까요...무대 셋트는 도대체 뭐죠? 의상도 구리고 조명 때문에 눈부셔서 공연의 절반도 못 본 것 같아요. 그리고 문제의 랩댄스 결국 관객분이 무대에 오르셔서 거절하시는 초유의사태까지...준비기간이 짧아서일까요.불호후기 구구절절 공감하는 바이고 코어팬들의 의견 적극수렴하시길 바랍니다. 배우님들의 열정과 노력이 빛바래지는 공연 무례한 것 같아요.나르샤님의 섬세한 연출로 불쾌함없이 팬들도배우들도 즐거웠던 시간 무척이나 그립네요.아직 공연 초반이니 점점 나아져서 저는 지나가는 객이라쳐도 와와를 사랑한 사람들을 실망시키지  않길바랍니다.,2022.09.21
617,드림,5,너무나 기다렸던 시즌2 첫공!!!,장소가 달라져서 기존 무대를 어떻게 하셨을지 궁금했는데 무대를 귱간 구분하셔서 샤워랑 폴존 나누신건 정말 아이디가 좋아서 이마를 쳤네요배우님들 입장하는 곳도 만들고 무대랑 무대 사이에 정적이 없어지게 하신 것도 더 공연에 집중되서 좋았습니다예전에 미**쇼 같은 경우에는 공연 기간내에 무대 하나 추가 된거 말고는 다른게 없었다고 하던데 확실히 와와는 시즌제로 가는 만큼 새로운 스테이지도 넣고 기존 있던 스테이지도 노래랑 안무도 확 바꾸고 해서 완전 새로운 공연 맞네요공연장 가서 보니 천장 낮아서 스트랩 어쩌나 궁금했는데 배우님의 현란한 기술로 무대 이끄시는거 보고 역시 최고다 생갇했어요 손아프도롣 짝짝짝 박수쳤네요첫공 잘 봤습니다 또 갈께요,2022.09.20
618,드림,5,다시 시작된 덕후의 삶~ ㅎㅎㅎ,시즌2로 다시 돌아온 와일드 와일드~ 반가운 얼굴들은 그대로~ 새롭게 합류한 배우님들도 찰떡같이 잘하시고 너무좋았어요~! 처음이고 너무 자극적으로 변해서 깜짝놀란신도(?) 있지만  관람자들의 의견수렴을 해주셔서 수정될거라 믿습니다! 처음부터 완벽한 공연은 없으니까요~ 그렇게 시행착오를 통해서 더 좋은 작품으로 탄생할 것이라 믿습니다~! 와일드와일드 열시미 응원할테니~ 팬들말에 귀기울여주는 멋진 공연으로  점점 더 발전해주세요~~,2022.09.20
619,드림,5,다시 돌아온 와일드 와일드~,시즌2로 다시 돌아온 와일드 와일드~ 반가운 얼굴들은 그대로~ 새롭게 합류한 배우님들도 찰떡같이 잘하시고 너무좋았어요~! 처음이고 개선해야할 장면들오 있지만~ 관람자들의 의견수렴을 해주셔서 수정될거라 믿습니다! 처음부터 완벽한 공연은 없으니까요~ 그렇게 시행착오를 통해서 더 좋은 작품으로 탄생할 것이라 믿습니다~! 와일드와일드 열시미 응원할테니~ 팬들말에 귀기울여주는 멋진 공연으로  점점 더 발전해주세요~~,2022.09.20
620,드림,5,덥다 더워!!!,공연 넘나핫해서 공연장이 너무 더워요 에어컨 좀 풀로 올려주세요ㅋㅋㅋㅋㅋㅋㅋㅋㅋ,2022.09.20
621,드림,5,겁나 섹시했음 ㅋ.ㅋ,친구들이랑 서울여행가는 일정에 끼워가지구 공연관람했는데 친구들이랑 너무 재밌게 잘보구 왔어요!! 아주 섹시하고 야하고 다했음! 앞자리가 공연보기 조금 불편했지만 그래도 잘 봤습니당-,2022.09.20
622,드림,1,불호후기 구구절절 다 받고 ,공연장 자체도 잘못 선정한 것 같습니다... 상식적으로 기존 압구정 때도 티몬 좌석 포함해도 완판이 잘 안 됐는데 무슨 자신감으로 이렇게 휑하니 큰 곳으로 온 건지 모르겠네요. 보시다시피 주말 저녁 황금 시간대에도 절반도 안 팔리잖아요? 양 사이드쪽은그냥 벽 보고 생각하는 의자 수준이고 무대가 높아서 1열은 목이 아프네요.완판시킨다는 자신감으로 동선을 짠 건지 텅 빈 뒤쪽 객석으로 뛰어가는 것도 보는 제가 다 안쓰러울 지경입니다.그리고 전체적으로 이전 구성에서 손대거나 추가한 부분들이 다 좀...별로였어요. 음악 선정이나 의상이나 무대 구성이나 전부 다 묘하게 좀 촌스럽고 구려진 느낌... 별로 감각 있는 분이 연출하신 건 아닌듯.그리고 모두가 말씀하시는 랩댄스...차라리 그냥 기존 구성대로 하는 게 낫겠어요. 로맨틱하면서 상상력을 자극하는 감성이 보여서 좋았는데 너무 노골적이어졌어요. 아닌 말로 정 그렇게 노골적인 게 보고 싶었으면 그냥 야동을 봐도 되겠죠? 차별화가 전혀 안 되고 있습니다. 근데 또 몇몇 무대는 수위가 너무 낮아서 굳이 19금 공연에 이런 구성을? 싶은 것도 있네요. 수위가 왜 중간이 없죠? 지난 시즌처럼 좀 적당하게 맞췄으면 좋았을 걸...그래도 물 닦는 시간이라던지 몇몇 부분 개선한 건 좋았습니다. 다만 저 포함 불호 후기 대부분 글만 읽어봐도 지난 시즌부터 코어팬이던 분들이 애정을 담아 쓴 글인 것 같은데 좀 진지하게 생각해 보셔야 할 것 같네요.그리고 모든 불호 글에 달려와서 굳이 전 좋았는데요??!??!!!!?? 다시는 분은 많이많이 보러 가세요. 지금 남은 표도 많은데... 저는 제 감상을 적었을 뿐입니다.,2022.09.19
623,드림,1,전체적으로 다 실망이에요,"시즌 1때에 비해 공연장이 쓸데없이 큰 느낌이에요. 게다가 맨 앞자리 사람들은 돈 더 주고 그 자리 앉은건데 계속 뒤돌아보느라 목 빠지는 줄 알았습니다. 차라리 뒷자리에 앉을 걸 그랬어요. 또 조명은 얼마나 구린지,,;; 안그래도 시즌1때에 비해 무대 단차도 너무 높아졌는데 조명까지 쎄서 눈만 시렸습니다.또 중간에 랩댄스는 뭔가요;;; 시즌 1때는 적당하고 딱 여자들 취향저격인 느낌이었는데 이번 시즌2는 유사성행위 같고 보는 제가 다 민망하고 불쾌했습니다. 남자가 기획했나요?전체적으로 시즌 1때는 곡 선정이 아주 좋았던것에 비해 시즌2는 곡 선정부터가 별로에요. 기억에 남는 노래도 없고, 특히나 랩댄스 때 나온 노래는 섹시하다는 느낌보다는 더럽다는 느낌이 더 강했습니다.이번 시즌2도 벌써 매주 공연을 예매해놨는데 공연 한번 보고 바로 다 취소했습니다. 정말 모든 부분에서 너무 실망이네요.",2022.09.19
624,드림,1,시즌1보다 공연장이 너무 별로예요,공연장도 비싼돈주고 1열 앉는 의미가없고 조명도 너무 구려요 음악도 그렇고 전반적으로 시즌1과 많이 다르네요 시즌1도 수십번 봤고 이번 시즌2도 엄청 기다리다가 할수있는만큼 예매해놨었는데 한번보고와서 다 취소했어요ㅠㅠ,2022.09.19
625,드림,4,재미있어요,너무 재미있어요. 친구랑 제관람 생각있어요,2022.09.19
626,드림,5,넘나재밌는공연!!!,다시돌아와서 너무 기뻐요 배우님들 화이팅!,2022.09.19
627,드림,5,내돈안아까워요..그냥계속줄줄이소세디마냥보고싶었던공연1짱,숨이자꾸…멎는다…배우님들이 제 근처로 다가와서 웃으실때마다내는 걍 살살 녹….아버리는거얘요…입이 바싹 마르는 어메이징한 공연.. 쉴새도 없이 몰아치는 파티같은 구성에 그만 기절하고 말아요..그리고 다… 피지컬이 너무 좋으셔서..배우님들 다리 길이가 과장 안하고 제 키(170) 정도였음요… 그리고 다들 에너지가 넘 크셔서 극 소심아싸인 저도 그 분위기에 휩쓸려서 ^_^ 행복해여 상태로 봤습니다… 갓공연… 조만간 또 보러갈개요… 개말라가 돼서요… 감사합니다…,2022.09.19
628,드림,5,재미있었어요,잘봤습니다,2022.09.19
629,드림,5,시즌1때도 대박이였지만 시즌2는 더더 대박,시즌1때도 행복하게 봤는데 시즌2는 더더 행복하게보고있는중입니다~! 여자분들은 꼭 한번은 보세요~한번 보는순간 회전문 각입니다~! 진짜 최고~!,2022.09.18
630,드림,4,마스크써서 다행이다,잇몸 마르는거 실시간 보여줄뻔....그리고 배우가 공연하는데 내가 박수치느라 진빠짐ㅋㅋ,2022.09.18
631,드림,5,시즌2도 회전각,이번 시즌2도 회전각입니다. 왜냐구요? 아 이걸 말로 어떻게 표현하나? 일단 와서 보시면 아시겠쬬? ㅋㅋ,2022.09.18
632,드림,5,볼거리 풍성해진 와와2!! 와츄는 햄복합니다,"시즌1 과 공연장이 달라져서 어떻게 무대 구성을 했을지 궁금했는데 깜짝 놀랐어요 ㅋㅋㅋ 만약 시즌1과 처음부터 끝까지 같은 동선, 춤, 음악, 역할이엇으면 이렇게 놀라지는 않았을듯 ㅎㅎ시작은 19금이엇다가 중간 중간 짧은 공연? 아 이거 스포되려나요 ㅋㅋ 쨋든 다음무대로 이어지는 순간도 알차게 채워넣어서 볼맛이납니다~풍성풍성 그리고 랩댄스!! 취향이 갈릴수는 있겠으나 저는 좋은의미로 충격받을만큼 화끈해서 좋았어요.  늘어지는 시간 없이 몰입감있게 잘 보고 갑니다~!매순간 하이라이트를 선사해준 배우님들 최고!!! 지방에서 서울가는 게 쉽진않지만 또 보고싶어서 갈 예정입니다용ㅋㅋㅋ 와와2 화이팅~~ 다음 공연도 기대할게요!!",2022.09.17
633,드림,1,돈 아까워요,관크가 아닌데도 돈아깝단 생각 드는 극은 처음이에요일단 객석 등급은 뭐하는 사람이 나눈건지 맨앞줄 극사이드였는데 제일 비싼 자리라 시야방해라던가 전혀 없을거라 생각했어요. 근데 조명 눈뽕때매 보이지도 않고 배우들은 멀기만하고 가까이와봤자 무대장치때문에 별로고...차라리 와일드존 앉는게 배우들 더 잘 보였을듯 진짜 1순위로 돈아까운 부분. 제일 사이드통로쪽이랑 그 옆은 시야제한석으로 두는게 맞는것같음.퍼포먼스는 나쁘지 않았지만 관객 데리고 무대에서 하는게 그냥 유사성행위 느낌ㅋㅋㅋㅋㅋ차라리 돈 더 들여서 대극장뮤지컬을 한 번 더 볼걸 싶었어요. 할인 받았다고 해도 7만원. 전 이 돈 내고 볼 가치가 있나 싶어요배우분들은 정말 관리 열심히 하셨을거고 무대도 열심히 하신거고 그게 보이긴 하는데....그냥 차라리 클럽가서 노는게 더 재밌을것 같네요.암튼 여러모로 제 취향은 아녔습니다,2022.09.17
634,드림,5,드뎌 꾸금다운 꾸금 공연이 되었다,시즌 1때는 살짝 매콤한 수준의 19금이었다면 이번 시즌은 진짜 제대로 19금이 된 기분이었어요!!! 아 맵다 매워~,2022.09.17
635,드림,2,딱 하나만 고쳐주세요...,"관객의견 반영해서 저번 시즌과 다르게 물닦는씬에 댄서분의 춤을 빼고 배우들의 연기와 춤을 넣고, 새로 추가된 씬들은 다 괜찮았습니다 신나고 좋았어요. 근데 랩댄스 왜이렇게 됐나요? 저번처럼 지원자를 받는것도 아니고 배우들이 무작위로 뽑는 방식이던데, 여기까진 괜찮아요 시간지체되는것도 없고. 근데 랩댄스 보고 진짜 경악했습니다. 장미 활용까진 딱 좋았는데 그 이후에 배우가 관객다리를 자기 어깨에 얹고 fuck you 가사에 맞춰 허릿짓을 하지않나, 누가봐도 다양한 자세로 성행위를 하고있단 안무던데 그거 보자마자 생각했어요 ''이거는 원치않게 뽑힌 관객이 항의해도 할말없겠다'' 아무리 19금 극이지만 정도는 지켜야죠... 저번 시즌 랩댄스는 물구나무 등 배우들의 퍼포먼스와 거북하지않은 스킨십이어서 딱 좋았는데 이번껀...솔직히 저질스럽단 느낌 받았어요 다른건 다 너무 만족하는데 랩댄스 안무만 좀...",2022.09.17
636,드림,5,극락,극락이였습니다.,2022.09.17
637,드림,5,시즌1을 뛰어넘는 시즌2!,기존에 아쉬웠던 부분들을 해결하고도 디테일이 많이 좋음 더 핫한 시즌2 직접 보러가시길!와와 덕질 왜하겠어요 덕분에 이렇게 행복한데 질릴리가 있나요 암튼 다양한 배우들의 연기 기대되고 또 보러갈거에요!,2022.09.17
638,드림,5,더 정돈되고 더 핫해진 공연!,시즌1부터 봐서 그리웠던 공연이 돌아온 이분이라 너무 좋았습니다ㅠㅠㅜ 개인적으로 제 취향에 더 잘 맞게 개선 된 부분이 많았어요!! 섹시한 장면은 더 섹시해지고 귀여운 부분은 더 더 귀여워지고 배우들의 매력을 잘 살렸더라고여ㅠㅠㅠㅠㅠㅜ 너무 재밌었어여.....조명이 너무 밝아서 눈이 부시긴했지만 저희 배우님 후광으로 느껴져서 그냥 행복하게봤습니다ㅎ남은표들이 많아서 다행이에여..앞으로 공연 기대할게여!!!!??,2022.09.17
639,드림,5,후끈후끈 미친공연임니다아아!!!!!,즌1보다 더 핫해핫해~~~ 이곳저곳 볼것도잇고 공연 마뜨는 구간두 없어지고 새로운 볼거리도 생겨서 너무 좋은뎅 앞으로 계속 가야하다니…텅장이 될 예정입니닷 !!! 달려보자구여여~~~~,2022.09.17
640,드림,1,실망,처음에는 새로운 장면들 많아서 새롭고 중간에 스탭 댄스타임 없이 배우들만 나와서 좋았는데랩댄스는 뭐죠? 보면서 경악했어요 의자에 앉아서까지는 괜찮았는데 누워서 그런 행동들만 하는게 너무 불쾌했습니다.확실히 작년시즌 여자연출자와 이번시즌 남자연출자가 했다는게 차이 났네요. 시즌1에서는 여자연출자분이라서 그런지 불쾌감 드는 건 없었고 여자관객 니즈에 맞춰져서 재밌었는데 이번은 뭐죠? 보면서 불쾌감이 드는 공연은 처음이네요. 아직 첫공이니까 수정이 되었으면 합니다.,2022.09.16
641,드림,1,시즌1이 더 좋았어요,저는 와일드와일드 시즌1때 너무너무 재밌게 봤던 회전러예요.  그런데 제가 시즌2에 대한 기대가 너무 컸나봐요. 생각보다 실망스러운 부분이 많더라고요. 분명 좋은 부분도 있었지만 그게 잊혀질 만큼? 별로였어요. 배우분들은 정말 여전히 멋있고 열심히 하시는 모습이 너무 좋았는데 전체적인 기획이 전 시즌에 비해 여성분들이 뭘 더 좋아하는지 모르는 것 같은  느낌이 큰거 같았어요. (특히나 랩댄스…) 그리고 조명도 전 시즌에서 정말 강렬하고 멋있게 느껴졌는데.. 이번에는 눈이 부셔서 잘 안보이는 경우도 있고.. 네… 저는 그랬습니다.. 워낙 시즌1이 끝나고 시즌2 나오는 시간이 짧아서 시즌1과 비슷한 부분이 많을 거라는 건 예상하고 있었지만.. 그래도 예상 가능한 무대들을 보니 아쉬울 수밖에 없나 봐요. 이번에도 회전문 돌고 싶었는데.. 미리 예매해둔 표 말고는 예매를 안 할 것 같아요.. 정말 개인적인 후기이지만 아쉬워서 글 남깁니다..??,2022.09.16
